Workbook

Sheet כל הרשימות
A1: מפלגה | B1: מיקום | C1: שם | D1: גבר/אישה
A2: מפלגת העבודה בראשות מרב מיכאלי | B2: 1 | C2: מיכאלי מירב
A3: מפלגת העבודה בראשות מרב מיכאלי | B3: 2 | C3: לזימי נעמה
A4: מפלגת העבודה בראשות מרב מיכאלי | B4: 3 | C4: קריב גלעד
A5: מפלגת העבודה בראשות מרב מיכאלי | B5: 4 | C5: רייטן מרום אפרת
A6: מפלגת העבודה בראשות מרב מיכאלי | B6: 5 | C6: שפע רם
A7: מפלגת העבודה בראשות מרב מיכאלי | B7: 6 | C7: מואטי אמילי חיה
A8: מפלגת העבודה בראשות מרב מיכאלי | B8: 7 | C8: פינק יאיר
A9: מפלגת העבודה בראשות מרב מיכאלי | B9: 8 | C9: מראענה אבתיסאם
A10: מפלגת העבודה בראשות מרב מיכאלי | B10: 9 | C10: בר לב עמר ישראל
A11: מפלגת העבודה בראשות מרב מיכאלי | B11: 10 | C11: ברון רון מהרטיה
A12: מפלגת העבודה בראשות מרב מיכאלי | B12: 11 | C12: ח'ניפס אמיר
A13: מפלגת העבודה בראשות מרב מיכאלי | B13: 12 | C13: נורי שקד מאיה
... A1413: דעת טוב ורע וברית שבט אברהם-עלה ירוק ואוסרת אל איסלמיה | B1413: 16 | C1413: קדישא אדיר

Sheet מסונן
A1: מפלגה | B1: מיקום | C1: שם | D1: מגדר
A2: מפלגת העבודה בראשות מרב מיכאלי | B2: 1 | C2: מיכאלי מירב | D2: נ
A3: מפלגת העבודה בראשות מרב מיכאלי | B3: 2 | C3: לזימי נעמה | D3: נ
A4: מפלגת העבודה בראשות מרב מיכאלי | B4: 3 | C4: קריב גלעד | D4: ז
A5: מפלגת העבודה בראשות מרב מיכאלי | B5: 4 | C5: רייטן מרום אפרת | D5: נ
A6: מפלגת העבודה בראשות מרב מיכאלי | B6: 5 | C6: שפע רם | D6: ז
A7: מפלגת העבודה בראשות מרב מיכאלי | B7: 6 | C7: מואטי אמילי חיה | D7: נ
A8: מפלגת העבודה בראשות מרב מיכאלי | B8: 7 | C8: פינק יאיר | D8: ז
A9: מפלגת העבודה בראשות מרב מיכאלי | B9: 8 | C9: מראענה אבתיסאם | D9: נ
A10: מפלגת העבודה בראשות מרב מיכאלי | B10: 9 | C10: בר לב עמר ישראל | D10: ז
A11: מפלגת העבודה בראשות מרב מיכאלי | B11: 10 | C11: ברוך רון מהרטיה | D11: נ
A12: מפלגת העבודה בראשות מרב מיכאלי | B12: 11 | C12: ח'ניפס אמיר | D12: ז
A13: מפלגת העבודה בראשות מרב מיכאלי | B13: 12 | C13: נורי שקד מאיה | D13: ז
... A1151: התאחדות הספרדים שומרי תורה תנועתו של מרן הרב עובדיה יוסף זצ"ל | B1151: 120 | C1151: בעדני חיים אהרון | D1151: ז

Sheet Sheet1
A1: מפלגה
A2: מפלגת העבודה בראשות מרב מיכאלי
A3: הבית היהודי בראשות איילת שקד
A4: יהדות התורה והשבת אגודת ישראל – דגל התורה
A5: בל"ד - אלתג'מוע אלווטני אלדמוקרטי בראשות סמי אבו שחאדה
A6: חד"ש תע"ל בראשות איימן עודה ואחמד טיבי
A7: הציונות הדתית בראשות בצלאל סמוטריץ ועוצמה יהודית בראשות איתמר בן גביר
A8: המחנה הממלכתי בהנהגת בני גנץ לראשות הממשלה
A9: ישראל ביתנו בראשות אביגדור ליברמן
A10: הליכוד בהנהגת בנימין נתניהו לראשות הממשלה
A11: מרצ השמאל של ישראל בראשות זהבה גלאון
A12: הרשימה הערבית המאוחדת
... A14: התאחדות הספרדים שומרי תורה תנועתו של מרן הרב עובדיה יוסף זצ"ל

Sheet חישוב
A1: מפלגה | B1: מנדטים בסקר | C1: כמות נשים צפויה | D1: כמות גברים צפויה
A2: הליכוד | B2: 26 | C2: =COUNTIFS(מסונן!A:A,Sheet1!A10,מסונן!D:D,"נ",מסונן!B:B,"<=" & חישוב!B2) -> 4 | D2: =B2-C2 -> 22
A3: ישראל ביתינו | B3: 10 | C3: =COUNTIFS(מסונן!A:A,Sheet1!A9,מסונן!D:D,"נ",מסונן!B:B,"<=" & חישוב!B3) -> 3 | D3: =B3-C3 -> 7
A4: המחנה הממלכתי | B4: 7 | C4: =COUNTIFS(מסונן!A:A,Sheet1!A8,מסונן!D:D,"נ",מסונן!B:B,"<=" & חישוב!B4) -> 2 | D4: =B4-C4 -> 5
A5: הדמוקרטים | B5: 11 | C5: =COUNTIFS(מסונן!A:A,Sheet1!A2,מסונן!D:D,"נ",מסונן!B:B,"<=" & חישוב!B5/2)+COUNTIFS(מסונן!A:A,Sheet1!A11,מסונן!D:D,"נ",מסונן!B:B,"<=" & חישוב!B5/2) -> 5 | D5: =B5-C5 -> 6
A6: יש עתיד | B6: 9 | C6: =COUNTIFS(מסונן!A:A,Sheet1!A13,מסונן!D:D,"נ",מסונן!B:B,"<=" & חישוב!B6) -> 3 | D6: =B6-C6 -> 6
A7: ש"ס | B7: 10 | C7: =COUNTIFS(מסונן!A:A,Sheet1!A14,מסונן!D:D,"נ",מסונן!B:B,"<=" & חישוב!B7) -> 0 | D7: =B7-C7 -> 10
A8: יהדות התורה | B8: 7 | C8: =COUNTIFS(מסונן!A:A,Sheet1!A4,מסונן!D:D,"נ",מסונן!B:B,"<=" & חישוב!B8) -> 0 | D8: =B8-C8 -> 7
A9: עוצמה יהודית | B9: 6 | C9: =COUNTIFS(מסונן!A:A,Sheet1!A7,מסונן!D:D,"נ",מסונן!B:B,"<=" & חישוב!B9) -> 1 | D9: =B9-C9 -> 5
A10: רע"מ | B10: 6 | C10: =COUNTIFS(מסונן!A:A,Sheet1!A12,מסונן!D:D,"נ",מסונן!B:B,"<=" & חישוב!B10) -> 1 | D10: =B10-C10 -> 5
A11: חדש-תע"ל | B11: 4 | C11: =COUNTIFS(מסונן!A:A,Sheet1!A6,מסונן!D:D,"נ",מסונן!B:B,"<=" & חישוב!B11) -> 1 | D11: =B11-C11 -> 3
A12: הציונות הדתית | B12: 0 | C12: =COUNTIFS(מסונן!A:A,Sheet1!A7,מסונן!D:D,"נ",מסונן!B:B,"<=" & חישוב!B12) -> 0 | D12: =B12-C12 -> 0

Sheet סקר 2026
A1: מפלגה | B1: ממוצע המדד (סקר) | C1: מעוגל | D1: מנדטים צפויים (סופי)
A2: הליכוד | B2: 23.9 | C2: =ROUND(B2,0) -> 24 | D2: =IF(C2<=3,0,C2) -> 24
A3: ישר! | B3: 22.1 | C3: =ROUND(B3,0) -> 22 | D3: =IF(C3<=3,0,C3) -> 22
A4: ביחד (בנט-לפיד) | B4: 14.4 | C4: =ROUND(B4,0) -> 14 | D4: =IF(C4<=3,0,C4) -> 14
A5: הדמוקרטים | B5: 10 | C5: =ROUND(B5,0) -> 10 | D5: =IF(C5<=3,0,C5) -> 10
A6: ישראל ביתנו | B6: 9.2 | C6: =ROUND(B6,0) -> 9 | D6: =IF(C6<=3,0,C6) -> 9
A7: ש"ס | B7: 8.3 | C7: =ROUND(B7,0) -> 8 | D7: =IF(C7<=3,0,C7) -> 8
A8: עוצמה יהודית | B8: 7.6 | C8: =ROUND(B8,0) -> 8 | D8: =IF(C8<=3,0,C8) -> 8
A9: יהדות התורה | B9: 8 | C9: =ROUND(B9,0) -> 8 | D9: =IF(C9<=3,0,C9) -> 8
A10: חדש תע"ל | B10: 5.6 | C10: =ROUND(B10,0) -> 6 | D10: =IF(C10<=3,0,C10) -> 6
A11: הציונות הדתית | B11: 4.9 | C11: =ROUND(B11,0) -> 5 | D11: =IF(C11<=3,0,C11) -> 5
A12: רע"מ | B12: 4.8 | C12: =ROUND(B12,0) -> 5 | D12: =IF(C12<=3,0,C12) -> 5
A13: טרופר-הנדל | B13: 2.5 | C13: =ROUND(B13,0) -> 3 | D13: =IF(C13<=3,0,C13) -> 0
... A16: רשימה ערבית מאוחדת | B16: 0.6 | C16: =ROUND(B16,0) -> 1 | D16: =IF(C16<=3,0,C16) -> 0

Sheet מועמדים 2026
A1: מפלגה | B1: מיקום | C1: שם | D1: מגדר | E1: ודאות/מקור
A2: הדמוקרטים | B2: 1 | C2: יאיר גולן | D2: ז | E2: רשימה רשמית (אתר המפלגה)
A3: הדמוקרטים | B3: 2 | C3: נעמה לזימי | D3: נ | E3: רשימה רשמית (אתר המפלגה)
A4: הדמוקרטים | B4: 3 | C4: גלעד קריב | D4: ז | E4: רשימה רשמית (אתר המפלגה)
A5: הדמוקרטים | B5: 4 | C5: אפרת רייטן | D5: נ | E5: רשימה רשמית (אתר המפלגה)
A6: הדמוקרטים | B6: 5 | C6: יאיר פינק | D6: ז | E6: רשימה רשמית (אתר המפלגה)
A7: הדמוקרטים | B7: 6 | C7: גבי לסקי | D7: נ | E7: רשימה רשמית (אתר המפלגה)
A8: הדמוקרטים | B8: 7 | C8: עמרי רונן | D8: ז | E8: רשימה רשמית (אתר המפלגה)
A9: הדמוקרטים | B9: 8 | C9: מיכל רוזין | D9: נ | E9: רשימה רשמית (אתר המפלגה)
A10: הדמוקרטים | B10: 9 | C10: משה רדמן אבוטבול | D10: ז | E10: רשימה רשמית (אתר המפלגה)
A11: הדמוקרטים | B11: 10 | C11: סומיה בשיר | D11: נ | E11: רשימה רשמית (אתר המפלגה)
A12: הליכוד | B12: 1 | C12: בנימין נתניהו | D12: ז | E12: חבר/ת כנסת מכהן/ת
A13: הליכוד | B13: 2 | C13: יריב לוין | D13: ז | E13: חבר/ת כנסת מכהן/ת
... A67: עוצמה יהודית | B67: 7 | C67: יצחק קרויזר | D67: ז | E67: חבר/ת כנסת מכהן/ת
A68: עוצמה יהודית | B68: 8 | C68: (לא אותר מועמד) | E68: לא אותר מועמד - נתון חסר
A69: הציונות הדתית | B69: 1 | C69: בצלאל סמוטריץ | D69: ז | E69: חבר/ת כנסת מכהן/ת (פריימריז צפוי 26.7.2026, סדר עלול להשתנות)
A70: הציונות הדתית | B70: 2 | C70: אורית סטרוק | D70: נ | E70: חבר/ת כנסת מכהן/ת (פריימריז צפוי 26.7.2026, סדר עלול להשתנות)
A71: הציונות הדתית | B71: 3 | C71: אופיר סופר | D71: ז | E71: חבר/ת כנסת מכהן/ת (פריימריז צפוי 26.7.2026, סדר עלול להשתנות)
A72: הציונות הדתית | B72: 4 | C72: מיכל וולדיגר | D72: נ | E72: חבר/ת כנסת מכהן/ת (פריימריז צפוי 26.7.2026, סדר עלול להשתנות)
A73: הציונות הדתית | B73: 5 | C73: אוהד טל | D73: ז | E73: חבר/ת כנסת מכהן/ת (פריימריז צפוי 26.7.2026, סדר עלול להשתנות)
A74: רע"מ | B74: 1 | C74: מנסור עבאס | D74: ז | E74: חבר/ת כנסת מכהן/ת
A75: רע"מ | B75: 2 | C75: וליד טאהא | D75: ז | E75: חבר/ת כנסת מכהן/ת
A76: רע"מ | B76: 3 | C76: וליד אלהואשלה | D76: ז | E76: חבר/ת כנסת מכהן/ת
A77: רע"מ | B77: 4 | C77: אימאן ח'טיב יאסין | D77: נ | E77: חבר/ת כנסת מכהן/ת
A78: רע"מ | B78: 5 | C78: יאסר חוג'יראת | D78: ז | E78: חבר/ת כנסת מכהן/ת (מושב חמישי לא ודאי)
A79: ישר! | B79: 1 | C79: גדי איזנקוט | D79: ז | E79: רשימה רשמית (אתר המפלגה) (יו"ר מפלגה מאושר)
A80: ישר! | B80: 2 | C80: טל רוסו | D80: ז | E80: דווח בתקשורת, סדר לא ידוע - מיקום משוער
... A138: ביחד (בנט-לפיד) | B138: 38 | C138: מיקי לוי | D138: ז | E138: חבר כנסת מכהן ביש עתיד (kan.org.il) - הוסר מ-14 המנדטים לאחר תיקון סדר הבכירות, לרפרנס בלבד

Sheet חישוב 2026
A1: מפלגה | B1: מנדטים צפויים | C1: כמות נשים צפויה | D1: כמות גברים צפויה | E1: אחוז נשים צפוי | F1: הערות
A2: הליכוד | B2: =INDEX('סקר 2026'!$D:$D,MATCH(A2,'סקר 2026'!$A:$A,0)) -> 24 | C2: =COUNTIFS('מועמדים 2026'!$A:$A,A2,'מועמדים 2026'!$D:$D,"נ",'מועמדים 2026'!$B:$B,"<="&B2) -> 3 | D2: =COUNTIFS('מועמדים 2026'!$A:$A,A2,'מועמדים 2026'!$D:$D,"ז",'מועמדים 2026'!$B:$B,"<="&B2) -> 21 | E2: =IF(B2=0,0,C2/B2) -> 0.125 | F2: רשימה מבוססת על סדר הכנסת ה-25 (בחירות 2022, kan.org.il); הרשימה הרשמית לבחירות 2026 טרם פורסמה
A3: ישר! | B3: =INDEX('סקר 2026'!$D:$D,MATCH(A3,'סקר 2026'!$A:$A,0)) -> 22 | C3: =COUNTIFS('מועמדים 2026'!$A:$A,A3,'מועמדים 2026'!$D:$D,"נ",'מועמדים 2026'!$B:$B,"<="&B3) -> 6 | D3: =COUNTIFS('מועמדים 2026'!$A:$A,A3,'מועמדים 2026'!$D:$D,"ז",'מועמדים 2026'!$B:$B,"<="&B3) -> 10 | E3: =IF(B3=0,0,C3/B3) -> 0.27272727 | F3: רק 16 מתוך 22 המנדטים הצפויים משויכים לשמות ידועים; סדר משוער בלבד. הנתון הוא רף תחתון (מינימום).
A4: ביחד (בנט-לפיד) | B4: =INDEX('סקר 2026'!$D:$D,MATCH(A4,'סקר 2026'!$A:$A,0)) -> 14 | C4: =COUNTIFS('מועמדים 2026'!$A:$A,A4,'מועמדים 2026'!$D:$D,"נ",'מועמדים 2026'!$B:$B,"<="&B4) -> 7 | D4: =COUNTIFS('מועמדים 2026'!$A:$A,A4,'מועמדים 2026'!$D:$D,"ז",'מועמדים 2026'!$B:$B,"<="&B4) -> 7 | E4: =IF(B4=0,0,C4/B4) -> 0.5 | F4: עודכן: כלל 24 חברי הכנסת המכהנים הנוכחיים של יש עתיד (ערוץ כנסת). בתוך 14 המנדטים הצפויים שובצו לפיד + 5 חכ"ים נוספים של יש עתיד (לפי יחס משוער של כ-40-45% ללפיד, בהתאם למחקר קודם), ו-7 שמות נוספים מצד בנט שדווחו בתקשורת. סדר הרשימה בפועל טרם פורסם.
A5: הדמוקרטים | B5: =INDEX('סקר 2026'!$D:$D,MATCH(A5,'סקר 2026'!$A:$A,0)) -> 10 | C5: =COUNTIFS('מועמדים 2026'!$A:$A,A5,'מועמדים 2026'!$D:$D,"נ",'מועמדים 2026'!$B:$B,"<="&B5) -> 5 | D5: =COUNTIFS('מועמדים 2026'!$A:$A,A5,'מועמדים 2026'!$D:$D,"ז",'מועמדים 2026'!$B:$B,"<="&B5) -> 5 | E5: =IF(B5=0,0,C5/B5) -> 0.5 | F5: רשימה סופית רשמית
A6: ישראל ביתנו | B6: =INDEX('סקר 2026'!$D:$D,MATCH(A6,'סקר 2026'!$A:$A,0)) -> 9 | C6: =COUNTIFS('מועמדים 2026'!$A:$A,A6,'מועמדים 2026'!$D:$D,"נ",'מועמדים 2026'!$B:$B,"<="&B6) -> 1 | D6: =COUNTIFS('מועמדים 2026'!$A:$A,A6,'מועמדים 2026'!$D:$D,"ז",'מועמדים 2026'!$B:$B,"<="&B6) -> 8 | E6: =IF(B6=0,0,C6/B6) -> 0.11111111 | F6: 3 המקומות האחרונים (7-9) משוערים על סמך שמות שדווחו בתקשורת
A7: ש"ס | B7: =INDEX('סקר 2026'!$D:$D,MATCH(A7,'סקר 2026'!$A:$A,0)) -> 8 | C7: =COUNTIFS('מועמדים 2026'!$A:$A,A7,'מועמדים 2026'!$D:$D,"נ",'מועמדים 2026'!$B:$B,"<="&B7) -> 0 | D7: =COUNTIFS('מועמדים 2026'!$A:$A,A7,'מועמדים 2026'!$D:$D,"ז",'מועמדים 2026'!$B:$B,"<="&B7) -> 8 | E7: =IF(B7=0,0,C7/B7) -> 0 | F7: מפלגה חד-מגדרית באופן היסטורי
A8: עוצמה יהודית | B8: =INDEX('סקר 2026'!$D:$D,MATCH(A8,'סקר 2026'!$A:$A,0)) -> 8 | C8: =COUNTIFS('מועמדים 2026'!$A:$A,A8,'מועמדים 2026'!$D:$D,"נ",'מועמדים 2026'!$B:$B,"<="&B8) -> 1 | D8: =COUNTIFS('מועמדים 2026'!$A:$A,A8,'מועמדים 2026'!$D:$D,"ז",'מועמדים 2026'!$B:$B,"<="&B8) -> 6 | E8: =IF(B8=0,0,C8/B8) -> 0.125 | F8: מיקום 8 לא אותר - חסר בנתונים
A9: יהדות התורה | B9: =INDEX('סקר 2026'!$D:$D,MATCH(A9,'סקר 2026'!$A:$A,0)) -> 8 | C9: =COUNTIFS('מועמדים 2026'!$A:$A,A9,'מועמדים 2026'!$D:$D,"נ",'מועמדים 2026'!$B:$B,"<="&B9) -> 0 | D9: =COUNTIFS('מועמדים 2026'!$A:$A,A9,'מועמדים 2026'!$D:$D,"ז",'מועמדים 2026'!$B:$B,"<="&B9) -> 8 | E9: =IF(B9=0,0,C9/B9) -> 0 | F9: מפלגה חד-מגדרית באופן היסטורי; מיקום 8 משוער
A10: חדש תע"ל | B10: =INDEX('סקר 2026'!$D:$D,MATCH(A10,'סקר 2026'!$A:$A,0)) -> 6 | C10: =COUNTIFS('מועמדים 2026'!$A:$A,A10,'מועמדים 2026'!$D:$D,"נ",'מועמדים 2026'!$B:$B,"<="&B10) -> 1 | D10: =COUNTIFS('מועמדים 2026'!$A:$A,A10,'מועמדים 2026'!$D:$D,"ז",'מועמדים 2026'!$B:$B,"<="&B10) -> 5 | E10: =IF(B10=0,0,C10/B10) -> 0.16666667 | F10: רשימת חד"ש הרשמית מאתר המפלגה (hadash.org.il/list); אחמד טיבי (תע"ל) הוכנס במיקום 2 לפי בקשת המשתמש; איאס נאטור (מיקום 7) מחוץ לטווח 6 המנדטים
A11: הציונות הדתית | B11: =INDEX('סקר 2026'!$D:$D,MATCH(A11,'סקר 2026'!$A:$A,0)) -> 5 | C11: =COUNTIFS('מועמדים 2026'!$A:$A,A11,'מועמדים 2026'!$D:$D,"נ",'מועמדים 2026'!$B:$B,"<="&B11) -> 2 | D11: =COUNTIFS('מועמדים 2026'!$A:$A,A11,'מועמדים 2026'!$D:$D,"ז",'מועמדים 2026'!$B:$B,"<="&B11) -> 3 | E11: =IF(B11=0,0,C11/B11) -> 0.4 | F11: פריימריז צפוי 26.7.2026 - הסדר עשוי להשתנות
A12: רע"מ | B12: =INDEX('סקר 2026'!$D:$D,MATCH(A12,'סקר 2026'!$A:$A,0)) -> 5 | C12: =COUNTIFS('מועמדים 2026'!$A:$A,A12,'מועמדים 2026'!$D:$D,"נ",'מועמדים 2026'!$B:$B,"<="&B12) -> 1 | D12: =COUNTIFS('מועמדים 2026'!$A:$A,A12,'מועמדים 2026'!$D:$D,"ז",'מועמדים 2026'!$B:$B,"<="&B12) -> 4 | E12: =IF(B12=0,0,C12/B12) -> 0.2 | F12: מושב 5 לא ודאי
A13: טרופר-הנדל | B13: =INDEX('סקר 2026'!$D:$D,MATCH(A13,'סקר 2026'!$A:$A,0)) -> 0 | C13: =COUNTIFS('מועמדים 2026'!$A:$A,A13,'מועמדים 2026'!$D:$D,"נ",'מועמדים 2026'!$B:$B,"<="&B13) -> 0 | D13: =COUNTIFS('מועמדים 2026'!$A:$A,A13,'מועמדים 2026'!$D:$D,"ז",'מועמדים 2026'!$B:$B,"<="&B13) -> 0 | E13: =IF(B13=0,0,C13/B13) -> 0 | F13: 0 מנדטים חזויים (מתחת לסף שנקבע) - לא נספר
... A16: רשימה ערבית מאוחדת | B16: =INDEX('סקר 2026'!$D:$D,MATCH(A16,'סקר 2026'!$A:$A,0)) -> 0 | C16: =COUNTIFS('מועמדים 2026'!$A:$A,A16,'מועמדים 2026'!$D:$D,"נ",'מועמדים 2026'!$B:$B,"<="&B16) -> 0 | D16: =COUNTIFS('מועמדים 2026'!$A:$A,A16,'מועמדים 2026'!$D:$D,"ז",'מועמדים 2026'!$B:$B,"<="&B16) -> 0 | E16: =IF(B16=0,0,C16/B16) -> 0 | F16: 0 מנדטים חזויים (מתחת לסף שנקבע) - לא נספר
A17: סה"כ | B17: =SUM(B2:B16) -> 119 | C17: =SUM(C2:C16) -> 27 | D17: =SUM(D2:D16) -> 85 | E17: =IF(B17=0,0,C17/B17) -> 0.22689076
