Workbook

Sheet כל הרשימות
A1: מפלגה | B1: מיקום | C1: שם | D1: גבר/אישה
A2: מפלגת העבודה בראשות מרב מיכאלי | B2: 1 | C2: מיכאלי מירב
A3: מפלגת העבודה בראשות מרב מיכאלי | B3: 2 | C3: לזימי נעמה
A4: מפלגת העבודה בראשות מרב מיכאלי | B4: 3 | C4: קריב גלעד
A5: מפלגת העבודה בראשות מרב מיכאלי | B5: 4 | C5: רייטן מרום אפרת
A6: מפלגת העבודה בראשות מרב מיכאלי | B6: 5 | C6: שפע רם
A7: מפלגת העבודה בראשות מרב מיכאלי | B7: 6 | C7: מואטי אמילי חיה
A8: מפלגת העבודה בראשות מרב מיכאלי | B8: 7 | C8: פינק יאיר
A9: מפלגת העבודה בראשות מרב מיכאלי | B9: 8 | C9: מראענה אבתיסאם
A10: מפלגת העבודה בראשות מרב מיכאלי | B10: 9 | C10: בר לב עמר ישראל
A11: מפלגת העבודה בראשות מרב מיכאלי | B11: 10 | C11: ברון רון מהרטיה
A12: מפלגת העבודה בראשות מרב מיכאלי | B12: 11 | C12: ח'ניפס אמיר
A13: מפלגת העבודה בראשות מרב מיכאלי | B13: 12 | C13: נורי שקד מאיה
... A1413: דעת טוב ורע וברית שבט אברהם-עלה ירוק ואוסרת אל איסלמיה | B1413: 16 | C1413: קדישא אדיר

Sheet מסונן
A1: מפלגה | B1: מיקום | C1: שם | D1: מגדר
A2: מפלגת העבודה בראשות מרב מיכאלי | B2: 1 | C2: מיכאלי מירב | D2: נ
A3: מפלגת העבודה בראשות מרב מיכאלי | B3: 2 | C3: לזימי נעמה | D3: נ
A4: מפלגת העבודה בראשות מרב מיכאלי | B4: 3 | C4: קריב גלעד | D4: ז
A5: מפלגת העבודה בראשות מרב מיכאלי | B5: 4 | C5: רייטן מרום אפרת | D5: נ
A6: מפלגת העבודה בראשות מרב מיכאלי | B6: 5 | C6: שפע רם | D6: ז
A7: מפלגת העבודה בראשות מרב מיכאלי | B7: 6 | C7: מואטי אמילי חיה | D7: נ
A8: מפלגת העבודה בראשות מרב מיכאלי | B8: 7 | C8: פינק יאיר | D8: ז
A9: מפלגת העבודה בראשות מרב מיכאלי | B9: 8 | C9: מראענה אבתיסאם | D9: נ
A10: מפלגת העבודה בראשות מרב מיכאלי | B10: 9 | C10: בר לב עמר ישראל | D10: ז
A11: מפלגת העבודה בראשות מרב מיכאלי | B11: 10 | C11: ברוך רון מהרטיה | D11: נ
A12: מפלגת העבודה בראשות מרב מיכאלי | B12: 11 | C12: ח'ניפס אמיר | D12: ז
A13: מפלגת העבודה בראשות מרב מיכאלי | B13: 12 | C13: נורי שקד מאיה | D13: ז
... A1151: התאחדות הספרדים שומרי תורה תנועתו של מרן הרב עובדיה יוסף זצ"ל | B1151: 120 | C1151: בעדני חיים אהרון | D1151: ז

Sheet Sheet1
A1: מפלגה
A2: מפלגת העבודה בראשות מרב מיכאלי
A3: הבית היהודי בראשות איילת שקד
A4: יהדות התורה והשבת אגודת ישראל – דגל התורה
A5: בל"ד - אלתג'מוע אלווטני אלדמוקרטי בראשות סמי אבו שחאדה
A6: חד"ש תע"ל בראשות איימן עודה ואחמד טיבי
A7: הציונות הדתית בראשות בצלאל סמוטריץ ועוצמה יהודית בראשות איתמר בן גביר
A8: המחנה הממלכתי בהנהגת בני גנץ לראשות הממשלה
A9: ישראל ביתנו בראשות אביגדור ליברמן
A10: הליכוד בהנהגת בנימין נתניהו לראשות הממשלה
A11: מרצ השמאל של ישראל בראשות זהבה גלאון
A12: הרשימה הערבית המאוחדת
... A14: התאחדות הספרדים שומרי תורה תנועתו של מרן הרב עובדיה יוסף זצ"ל

Sheet חישוב
A1: מפלגה | B1: מנדטים בסקר | C1: כמות נשים צפויה | D1: כמות גברים צפויה
A2: הליכוד | B2: 26 | C2: =COUNTIFS(מסונן!A:A,Sheet1!A10,מסונן!D:D,"נ",מסונן!B:B,"<=" & חישוב!B2) | D2: =B2-C2
A3: ישראל ביתינו | B3: 10 | C3: =COUNTIFS(מסונן!A:A,Sheet1!A9,מסונן!D:D,"נ",מסונן!B:B,"<=" & חישוב!B3) | D3: =B3-C3
A4: המחנה הממלכתי | B4: 7 | C4: =COUNTIFS(מסונן!A:A,Sheet1!A8,מסונן!D:D,"נ",מסונן!B:B,"<=" & חישוב!B4) | D4: =B4-C4
A5: הדמוקרטים | B5: 11 | C5: =COUNTIFS(מסונן!A:A,Sheet1!A2,מסונן!D:D,"נ",מסונן!B:B,"<=" & חישוב!B5/2)+COUNTIFS(מסונן!A:A,Sheet1!A11,מסונן!D:D,"נ",מסונן!B:B,"<=" & חישוב!B5/2) | D5: =B5-C5
A6: יש עתיד | B6: 9 | C6: =COUNTIFS(מסונן!A:A,Sheet1!A13,מסונן!D:D,"נ",מסונן!B:B,"<=" & חישוב!B6) | D6: =B6-C6
A7: ש"ס | B7: 10 | C7: =COUNTIFS(מסונן!A:A,Sheet1!A14,מסונן!D:D,"נ",מסונן!B:B,"<=" & חישוב!B7) | D7: =B7-C7
A8: יהדות התורה | B8: 7 | C8: =COUNTIFS(מסונן!A:A,Sheet1!A4,מסונן!D:D,"נ",מסונן!B:B,"<=" & חישוב!B8) | D8: =B8-C8
A9: עוצמה יהודית | B9: 6 | C9: =COUNTIFS(מסונן!A:A,Sheet1!A7,מסונן!D:D,"נ",מסונן!B:B,"<=" & חישוב!B9) | D9: =B9-C9
A10: רע"מ | B10: 6 | C10: =COUNTIFS(מסונן!A:A,Sheet1!A12,מסונן!D:D,"נ",מסונן!B:B,"<=" & חישוב!B10) | D10: =B10-C10
A11: חדש-תע"ל | B11: 4 | C11: =COUNTIFS(מסונן!A:A,Sheet1!A6,מסונן!D:D,"נ",מסונן!B:B,"<=" & חישוב!B11) | D11: =B11-C11
A12: הציונות הדתית | B12: 0 | C12: =COUNTIFS(מסונן!A:A,Sheet1!A7,מסונן!D:D,"נ",מסונן!B:B,"<=" & חישוב!B12) | D12: =B12-C12

Sheet סקר 2026
A1: מפלגה | B1: ממוצע המדד (סקר) | C1: מעוגל | D1: מנדטים צפויים (סופי)
A2: הליכוד | B2: 23.2 | C2: =ROUND(B2,0) | D2: =IF(C2<=3,0,C2)
A3: ישר! | B3: 22.5 | C3: =ROUND(B3,0) | D3: =IF(C3<=3,0,C3)
A4: ביחד (בנט-לפיד) | B4: 13.3 | C4: =ROUND(B4,0) | D4: =IF(C4<=3,0,C4)
A5: הדמוקרטים | B5: 10 | C5: =ROUND(B5,0) | D5: =IF(C5<=3,0,C5)
A6: ישראל ביתנו | B6: 9.2 | C6: =ROUND(B6,0) | D6: =IF(C6<=3,0,C6)
A7: ש"ס | B7: 8.1 | C7: =ROUND(B7,0) | D7: =IF(C7<=3,0,C7)
A8: עוצמה יהודית | B8: 7.8 | C8: =ROUND(B8,0) | D8: =IF(C8<=3,0,C8)
A9: יהדות התורה | B9: 8 | C9: =ROUND(B9,0) | D9: =IF(C9<=3,0,C9)
A10: חדש תע"ל | B10: 5.3 | C10: =ROUND(B10,0) | D10: =IF(C10<=3,0,C10)
A11: הציונות הדתית | B11: 4.8 | C11: =ROUND(B11,0) | D11: =IF(C11<=3,0,C11)
A12: רע"מ | B12: 5 | C12: =ROUND(B12,0) | D12: =IF(C12<=3,0,C12)
A13: טרופר-הנדל | B13: 3.4 | C13: =ROUND(B13,0) | D13: =IF(C13<=3,0,C13)
... A16: רשימה ערבית מאוחדת | B16: 0.6 | C16: =ROUND(B16,0) | D16: =IF(C16<=3,0,C16)

Sheet מועמדים 2026
A1: מפלגה | B1: מיקום | C1: שם | D1: מגדר | E1: ודאות/מקור
A2: ביחד (בנט-לפיד) | B2: 1 | C2: נפתלי בנט | D2: ז | E2: רשמי - מוביל הרשימה
A3: ביחד (בנט-לפיד) | B3: 2 | C3: יאיר לפיד | D3: ז | E3: יו"ר יש עתיד, ממוקם מס' 2 באומדן
A4: ביחד (בנט-לפיד) | B4: 3 | C4: אורנה ברביבאי | D4: נ | E4: חברת כנסת מכהנת ביש עתיד, מס' 2 ברשימת יש עתיד הרשמית (kan.org.il) - בתוך 14 המנדטים (תוקן: הייתה בטעות אלעזר שטרן, שדורג נמוך מדי)
A5: ביחד (בנט-לפיד) | B5: 4 | C5: מאיר כהן | D5: ז | E5: חבר/ת כנסת מכהן/ת ביש עתיד (ערוץ כנסת, knesset.tv) - בתוך 14 המנדטים לפי היחס המשוער בין בנט ללפיד
A6: ביחד (בנט-לפיד) | B6: 5 | C6: קארין אלהרר | D6: נ | E6: חבר/ת כנסת מכהן/ת ביש עתיד (ערוץ כנסת, knesset.tv) - בתוך 14 המנדטים לפי היחס המשוער בין בנט ללפיד
A7: ביחד (בנט-לפיד) | B7: 6 | C7: מירב כהן | D7: נ | E7: חבר/ת כנסת מכהן/ת ביש עתיד (ערוץ כנסת, knesset.tv) - בתוך 14 המנדטים לפי היחס המשוער בין בנט ללפיד
A8: ביחד (בנט-לפיד) | B8: 7 | C8: יואל רזבוזוב | D8: ז | E8: חבר כנסת מכהן ביש עתיד, מס' 6 ברשימת יש עתיד הרשמית (kan.org.il) - בתוך 14 המנדטים (תוקן: היה בטעות מיקי לוי, שדורג נמוך מדי)
A9: ביחד (בנט-לפיד) | B9: 8 | C9: נעם תיבון | D9: ז | E9: דווח בתקשורת (צד בנט), סדר משוער - בתוך 14 המנדטים
A10: ביחד (בנט-לפיד) | B10: 9 | C10: קרן טרנר | D10: נ | E10: דווח בתקשורת (צד בנט), סדר משוער - בתוך 14 המנדטים
A11: ביחד (בנט-לפיד) | B11: 10 | C11: לירן אבישר בן-חורין | D11: נ | E11: דווח בתקשורת (צד בנט), סדר משוער - בתוך 14 המנדטים
A12: ביחד (בנט-לפיד) | B12: 11 | C12: יונתן שלו | D12: ז | E12: דווח בתקשורת (צד בנט), סדר משוער - בתוך 14 המנדטים
A13: ביחד (בנט-לפיד) | B13: 12 | C13: ניר נובק | D13: ז | E13: דווח בתקשורת (צד בנט), סדר משוער - בתוך 14 המנדטים (הועלה למקום זה לאחר הסרת גילת בנט)
... A118: עוצמה יהודית | B118: 7 | C118: יצחק קרויזר | D118: ז | E118: חבר/ת כנסת מכהן/ת
A119: עוצמה יהודית | B119: 8 | C119: (לא אותר מועמד) | E119: לא אותר מועמד - נתון חסר
A120: רע"מ | B120: 1 | C120: מנסור עבאס | D120: ז | E120: חבר/ת כנסת מכהן/ת
A121: רע"מ | B121: 2 | C121: יואב סגלוביץ' | D121: ז | E121: מצטרף לרשימת רע"מ במיקום 2 - עודכן לפי בקשת המשתמש (לשעבר חבר כנסת ביש עתיד/ביחד)
A122: רע"מ | B122: 3 | C122: וליד טאהא | D122: ז | E122: חבר/ת כנסת מכהן/ת
A123: רע"מ | B123: 4 | C123: וליד אלהואשלה | D123: ז | E123: חבר/ת כנסת מכהן/ת
A124: רע"מ | B124: 5 | C124: אימאן ח'טיב יאסין | D124: נ | E124: חבר/ת כנסת מכהן/ת
A125: רע"מ | B125: 6 | C125: יאסר חוג'יראת | D125: ז | E125: חבר/ת כנסת מכהן/ת (מושב חמישי לא ודאי)
A126: ש"ס | B126: 1 | C126: אריה דרעי | D126: ז | E126: חבר/ת כנסת מכהן/ת (מפלגה חד-מגדרית באופן היסטורי)
A127: ש"ס | B127: 2 | C127: יעקב מרגי | D127: ז | E127: חבר/ת כנסת מכהן/ת (מפלגה חד-מגדרית באופן היסטורי)
A128: ש"ס | B128: 3 | C128: יואב בן צור | D128: ז | E128: חבר/ת כנסת מכהן/ת (מפלגה חד-מגדרית באופן היסטורי)
A129: ש"ס | B129: 4 | C129: מיכאל מלכיאלי | D129: ז | E129: חבר/ת כנסת מכהן/ת (מפלגה חד-מגדרית באופן היסטורי)
A130: ש"ס | B130: 5 | C130: חיים ביטון | D130: ז | E130: חבר/ת כנסת מכהן/ת (מפלגה חד-מגדרית באופן היסטורי)
A131: ש"ס | B131: 6 | C131: משה ארבל | D131: ז | E131: חבר/ת כנסת מכהן/ת (מפלגה חד-מגדרית באופן היסטורי)
... A133: ש"ס | B133: 8 | C133: משה אבוטבול | D133: ז | E133: חבר/ת כנסת מכהן/ת (מפלגה חד-מגדרית באופן היסטורי)

Sheet חישוב 2026
A1: מפלגה | B1: מנדטים צפויים | C1: כמות נשים צפויה | D1: כמות גברים צפויה | E1: אחוז נשים צפוי | F1: הערות | G1: מנדטים נוכחיים (כנסת 25) | H1: נשים נוכחיות | I1: אחוז נשים נוכחי
A2: הליכוד | B2: =INDEX('סקר 2026'!$D:$D,MATCH(A2,'סקר 2026'!$A:$A,0)) | C2: =COUNTIFS('מועמדים 2026'!$A:$A,A2,'מועמדים 2026'!$D:$D,"נ",'מועמדים 2026'!$B:$B,"<="&B2) | D2: =COUNTIFS('מועמדים 2026'!$A:$A,A2,'מועמדים 2026'!$D:$D,"ז",'מועמדים 2026'!$B:$B,"<="&B2) | E2: =IF(B2=0,0,C2/B2) | F2: רשימה מבוססת על סדר הכנסת ה-25 (בחירות 2022, kan.org.il); הרשימה הרשמית לבחירות 2026 טרם פורסמה | G2: 32 | H2: 7 | I2: =IF(G2=0,0,H2/G2)
A3: ישר! | B3: =INDEX('סקר 2026'!$D:$D,MATCH(A3,'סקר 2026'!$A:$A,0)) | C3: =COUNTIFS('מועמדים 2026'!$A:$A,A3,'מועמדים 2026'!$D:$D,"נ",'מועמדים 2026'!$B:$B,"<="&B3) | D3: =COUNTIFS('מועמדים 2026'!$A:$A,A3,'מועמדים 2026'!$D:$D,"ז",'מועמדים 2026'!$B:$B,"<="&B3) | E3: =IF(B3=0,0,C3/B3) | F3: רשימה עודכנה מהאתר הרשמי (yasharwitheisenkot.com/team-member); רק 11 מתוך כ-23 המנדטים הצפויים משויכים לשמות ידועים - הנתון הוא רף תחתון (מינימום) | G3: 0 | H3: 0 | I3: =IF(G3=0,0,H3/G3)
A4: ביחד (בנט-לפיד) | B4: =INDEX('סקר 2026'!$D:$D,MATCH(A4,'סקר 2026'!$A:$A,0)) | C4: =COUNTIFS('מועמדים 2026'!$A:$A,A4,'מועמדים 2026'!$D:$D,"נ",'מועמדים 2026'!$B:$B,"<="&B4) | D4: =COUNTIFS('מועמדים 2026'!$A:$A,A4,'מועמדים 2026'!$D:$D,"ז",'מועמדים 2026'!$B:$B,"<="&B4) | E4: =IF(B4=0,0,C4/B4) | F4: עודכן: כלל 24 חברי הכנסת המכהנים הנוכחיים של יש עתיד (ערוץ כנסת). בתוך 14 המנדטים הצפויים שובצו לפיד + 5 חכ"ים נוספים של יש עתיד (לפי יחס משוער של כ-40-45% ללפיד, בהתאם למחקר קודם), ו-7 שמות נוספים מצד בנט שדווחו בתקשורת. סדר הרשימה בפועל טרם פורסם. | יואב סגלוביץ' הוסר מהרשימה (עבר לרע"מ) | G4: 24 | H4: 9 | I4: =IF(G4=0,0,H4/G4)
A5: הדמוקרטים | B5: =INDEX('סקר 2026'!$D:$D,MATCH(A5,'סקר 2026'!$A:$A,0)) | C5: =COUNTIFS('מועמדים 2026'!$A:$A,A5,'מועמדים 2026'!$D:$D,"נ",'מועמדים 2026'!$B:$B,"<="&B5) | D5: =COUNTIFS('מועמדים 2026'!$A:$A,A5,'מועמדים 2026'!$D:$D,"ז",'מועמדים 2026'!$B:$B,"<="&B5) | E5: =IF(B5=0,0,C5/B5) | F5: רשימה סופית רשמית | G5: 4 | H5: 3 | I5: =IF(G5=0,0,H5/G5)
A6: ישראל ביתנו | B6: =INDEX('סקר 2026'!$D:$D,MATCH(A6,'סקר 2026'!$A:$A,0)) | C6: =COUNTIFS('מועמדים 2026'!$A:$A,A6,'מועמדים 2026'!$D:$D,"נ",'מועמדים 2026'!$B:$B,"<="&B6) | D6: =COUNTIFS('מועמדים 2026'!$A:$A,A6,'מועמדים 2026'!$D:$D,"ז",'מועמדים 2026'!$B:$B,"<="&B6) | E6: =IF(B6=0,0,C6/B6) | F6: 3 המקומות האחרונים (7-9) משוערים על סמך שמות שדווחו בתקשורת | G6: 6 | H6: 2 | I6: =IF(G6=0,0,H6/G6)
A7: ש"ס | B7: =INDEX('סקר 2026'!$D:$D,MATCH(A7,'סקר 2026'!$A:$A,0)) | C7: =COUNTIFS('מועמדים 2026'!$A:$A,A7,'מועמדים 2026'!$D:$D,"נ",'מועמדים 2026'!$B:$B,"<="&B7) | D7: =COUNTIFS('מועמדים 2026'!$A:$A,A7,'מועמדים 2026'!$D:$D,"ז",'מועמדים 2026'!$B:$B,"<="&B7) | E7: =IF(B7=0,0,C7/B7) | F7: מפלגה חד-מגדרית באופן היסטורי | G7: 11 | H7: 0 | I7: =IF(G7=0,0,H7/G7)
A8: עוצמה יהודית | B8: =INDEX('סקר 2026'!$D:$D,MATCH(A8,'סקר 2026'!$A:$A,0)) | C8: =COUNTIFS('מועמדים 2026'!$A:$A,A8,'מועמדים 2026'!$D:$D,"נ",'מועמדים 2026'!$B:$B,"<="&B8) | D8: =COUNTIFS('מועמדים 2026'!$A:$A,A8,'מועמדים 2026'!$D:$D,"ז",'מועמדים 2026'!$B:$B,"<="&B8) | E8: =IF(B8=0,0,C8/B8) | F8: מיקום 8 לא אותר - חסר בנתונים | G8: 6 | H8: 1 | I8: =IF(G8=0,0,H8/G8)
A9: יהדות התורה | B9: =INDEX('סקר 2026'!$D:$D,MATCH(A9,'סקר 2026'!$A:$A,0)) | C9: =COUNTIFS('מועמדים 2026'!$A:$A,A9,'מועמדים 2026'!$D:$D,"נ",'מועמדים 2026'!$B:$B,"<="&B9) | D9: =COUNTIFS('מועמדים 2026'!$A:$A,A9,'מועמדים 2026'!$D:$D,"ז",'מועמדים 2026'!$B:$B,"<="&B9) | E9: =IF(B9=0,0,C9/B9) | F9: מפלגה חד-מגדרית באופן היסטורי; מיקום 8 משוער | G9: 7 | H9: 0 | I9: =IF(G9=0,0,H9/G9)
A10: חדש תע"ל | B10: =INDEX('סקר 2026'!$D:$D,MATCH(A10,'סקר 2026'!$A:$A,0)) | C10: =COUNTIFS('מועמדים 2026'!$A:$A,A10,'מועמדים 2026'!$D:$D,"נ",'מועמדים 2026'!$B:$B,"<="&B10) | D10: =COUNTIFS('מועמדים 2026'!$A:$A,A10,'מועמדים 2026'!$D:$D,"ז",'מועמדים 2026'!$B:$B,"<="&B10) | E10: =IF(B10=0,0,C10/B10) | F10: רשימת חד"ש הרשמית מאתר המפלגה (hadash.org.il/list); אחמד טיבי (תע"ל) הוכנס במיקום 2 לפי בקשת המשתמש; איאס נאטור (מיקום 7) מחוץ לטווח 6 המנדטים | G10: 5 | H10: 1 | I10: =IF(G10=0,0,H10/G10)
A11: הציונות הדתית | B11: =INDEX('סקר 2026'!$D:$D,MATCH(A11,'סקר 2026'!$A:$A,0)) | C11: =COUNTIFS('מועמדים 2026'!$A:$A,A11,'מועמדים 2026'!$D:$D,"נ",'מועמדים 2026'!$B:$B,"<="&B11) | D11: =COUNTIFS('מועמדים 2026'!$A:$A,A11,'מועמדים 2026'!$D:$D,"ז",'מועמדים 2026'!$B:$B,"<="&B11) | E11: =IF(B11=0,0,C11/B11) | F11: פריימריז צפוי 26.7.2026 - הסדר עשוי להשתנות | G11: 7 | H11: 2 | I11: =IF(G11=0,0,H11/G11)
A12: רע"מ | B12: =INDEX('סקר 2026'!$D:$D,MATCH(A12,'סקר 2026'!$A:$A,0)) | C12: =COUNTIFS('מועמדים 2026'!$A:$A,A12,'מועמדים 2026'!$D:$D,"נ",'מועמדים 2026'!$B:$B,"<="&B12) | D12: =COUNTIFS('מועמדים 2026'!$A:$A,A12,'מועמדים 2026'!$D:$D,"ז",'מועמדים 2026'!$B:$B,"<="&B12) | E12: =IF(B12=0,0,C12/B12) | F12: מושב 6 (יאסר חוג'יראת) לא ודאי; יואב סגלוביץ' נוסף במיקום 2 לפי בקשת המשתמש (הצטרפות מיש עתיד/ביחד) | G12: 5 | H12: 1 | I12: =IF(G12=0,0,H12/G12)
A13: טרופר-הנדל | B13: =INDEX('סקר 2026'!$D:$D,MATCH(A13,'סקר 2026'!$A:$A,0)) | C13: =COUNTIFS('מועמדים 2026'!$A:$A,A13,'מועמדים 2026'!$D:$D,"נ",'מועמדים 2026'!$B:$B,"<="&B13) | D13: =COUNTIFS('מועמדים 2026'!$A:$A,A13,'מועמדים 2026'!$D:$D,"ז",'מועמדים 2026'!$B:$B,"<="&B13) | E13: =IF(B13=0,0,C13/B13) | F13: 0 מנדטים חזויים (מתחת לסף שנקבע) - לא נספר
A14: כחול לבן | B14: =INDEX('סקר 2026'!$D:$D,MATCH(A14,'סקר 2026'!$A:$A,0)) | C14: =COUNTIFS('מועמדים 2026'!$A:$A,A14,'מועמדים 2026'!$D:$D,"נ",'מועמדים 2026'!$B:$B,"<="&B14) | D14: =COUNTIFS('מועמדים 2026'!$A:$A,A14,'מועמדים 2026'!$D:$D,"ז",'מועמדים 2026'!$B:$B,"<="&B14) | E14: =IF(B14=0,0,C14/B14) | F14: 0 מנדטים חזויים (מתחת לסף שנקבע) - לא נספר | G14: 8 | H14: 2 | I14: =IF(G14=0,0,H14/G14)
A15: בל"ד | B15: =INDEX('סקר 2026'!$D:$D,MATCH(A15,'סקר 2026'!$A:$A,0)) | C15: =COUNTIFS('מועמדים 2026'!$A:$A,A15,'מועמדים 2026'!$D:$D,"נ",'מועמדים 2026'!$B:$B,"<="&B15) | D15: =COUNTIFS('מועמדים 2026'!$A:$A,A15,'מועמדים 2026'!$D:$D,"ז",'מועמדים 2026'!$B:$B,"<="&B15) | E15: =IF(B15=0,0,C15/B15) | F15: 0 מנדטים חזויים (מתחת לסף שנקבע) - לא נספר
A16: רשימה ערבית מאוחדת | B16: =INDEX('סקר 2026'!$D:$D,MATCH(A16,'סקר 2026'!$A:$A,0)) | C16: =COUNTIFS('מועמדים 2026'!$A:$A,A16,'מועמדים 2026'!$D:$D,"נ",'מועמדים 2026'!$B:$B,"<="&B16) | D16: =COUNTIFS('מועמדים 2026'!$A:$A,A16,'מועמדים 2026'!$D:$D,"ז",'מועמדים 2026'!$B:$B,"<="&B16) | E16: =IF(B16=0,0,C16/B16) | F16: 0 מנדטים חזויים (מתחת לסף שנקבע) - לא נספר
A17: סה"כ | B17: =SUM(B2:B16) | C17: =SUM(C2:C16) | D17: =SUM(D2:D16) | E17: =IF(B17=0,0,C17/B17) | G17: =SUM(G2:G16) | H17: =SUM(H2:H16) | I17: =IF(G17=0,0,H17/G17)

Sheet סקרים לפי ערוץ
A1: כלי תקשורת | B1: תאריך הסקר | C1: סוקר | D1: מספר משיבים | E1: הליכוד | F1: יהדות התורה | G1: ש"ס | H1: כחול לבן | I1: חדש תע"ל | J1: ישראל ביתנו | K1: הדמוקרטים | L1: הציונות הדתית | M1: רע"מ | N1: עוצמה יהודית | O1: ביחד (בנט-לפיד) | P1: ישר!
A2: מעריב | B2: 2026-07-31 | C2: מנחם לזר | D2: 501 | E2: 22 | F2: 8 | G2: 7 | H2: 0 | I2: 5 | J2: 10 | K2: 9 | L2: 5 | M2: 5 | N2: 7 | O2: 15 | P2: 23
A3: זמן ישראל | B3: 2026-07-30 | C3: יוסי טאטיקה | D3: 500 | E3: 20 | F3: 8 | G3: 8 | H3: 4 | I3: 6 | J3: 10 | K3: 8 | L3: 6 | M3: 5 | N3: 7 | O3: 13 | P3: 21
A4: חדשות 13 | B4: 2026-07-29 | C4: המדד | D4: 956 | E4: 23 | F4: 9 | G4: 7 | H4: 0 | I4: 4 | J4: 10 | K4: 9 | L4: 4 | M4: 5 | N4: 8 | O4: 13 | P4: 23
A5: ערוץ 14 | B5: 2026-07-29 | C5: שלמה פילבר | D5: 539 | E5: 32 | F5: 8 | G5: 10 | H5: 0 | I5: 6 | J5: 8 | K5: 10 | L5: 5 | M5: 5 | N5: 7 | O5: 7 | P5: 22
A6: i24 news | B6: 2026-07-27 | C6: צוריאל שרון | D6: 525 | E6: 29 | F6: 8 | G6: 9 | H6: 0 | I6: 7 | J6: 9 | K6: 10 | L6: 5 | M6: 5 | N6: 8 | O6: 9 | P6: 21
A7: חדשות 12 | B7: 2026-07-27 | C7: מנו גבע | D7: 509 | E7: 22 | F7: 8 | G7: 8 | H7: 0 | I7: 5 | J7: 9 | K7: 10 | L7: 4 | M7: 5 | N7: 8 | O7: 14 | P7: 23
A8: כאן חדשות | B8: 2026-07-26 | C8: דודי חסיד | D8: 550 | E8: 22 | F8: 8 | G8: 8 | H8: 0 | I8: 5 | J8: 9 | K8: 10 | L8: 5 | M8: 5 | N8: 9 | O8: 14 | P8: 21
A9: ישראל היום | B9: 2026-07-23 | C9: דודי חסיד | D9: 500 | E9: 23 | F9: 8 | G9: 8 | H9: 0 | I9: 5 | J9: 9 | K9: 10 | L9: 5 | M9: 6 | N9: 9 | O9: 14 | P9: 23
A10: וואלה | B10: 2026-04-27 | C10: מנחם לזר | D10: 500 | E10: 28 | F10: 7 | G10: 8 | H10: 0 | I10: 5 | J10: 8 | K10: 9 | L10: 0 | M10: 5 | N10: 8 | O10: 27 | P10: 15

Sheet חישוב לפי ערוץ
A1: כלי תקשורת | B1: תאריך הסקר | C1: מפלגה | D1: מנדטים | E1: כמות נשים צפויה | F1: כמות גברים צפויה | G1: אחוז נשים צפוי | H1: מועמדים ידועים (סה"כ) | I1: הערה
A2: מעריב | B2: =INDEX('סקרים לפי ערוץ'!$B:$B,MATCH($A2,'סקרים לפי ערוץ'!$A:$A,0)) | C2: הליכוד | D2: =INDEX('סקרים לפי ערוץ'!E:E,MATCH($A2,'סקרים לפי ערוץ'!$A:$A,0)) | E2: =COUNTIFS('מועמדים 2026'!$A:$A,$C2,'מועמדים 2026'!$D:$D,"נ",'מועמדים 2026'!$B:$B,"<="&$D2) | F2: =COUNTIFS('מועמדים 2026'!$A:$A,$C2,'מועמדים 2026'!$D:$D,"ז",'מועמדים 2026'!$B:$B,"<="&$D2) | G2: =IF($D2=0,0,$E2/$D2) | H2: =COUNTIFS('מועמדים 2026'!$A:$A,$C2) | I2: =IF(AND($D2>0,$H2=0),"אין נתוני מועמדים לחישוב","")
A3: מעריב | B3: =INDEX('סקרים לפי ערוץ'!$B:$B,MATCH($A3,'סקרים לפי ערוץ'!$A:$A,0)) | C3: יהדות התורה | D3: =INDEX('סקרים לפי ערוץ'!F:F,MATCH($A3,'סקרים לפי ערוץ'!$A:$A,0)) | E3: =COUNTIFS('מועמדים 2026'!$A:$A,$C3,'מועמדים 2026'!$D:$D,"נ",'מועמדים 2026'!$B:$B,"<="&$D3) | F3: =COUNTIFS('מועמדים 2026'!$A:$A,$C3,'מועמדים 2026'!$D:$D,"ז",'מועמדים 2026'!$B:$B,"<="&$D3) | G3: =IF($D3=0,0,$E3/$D3) | H3: =COUNTIFS('מועמדים 2026'!$A:$A,$C3) | I3: =IF(AND($D3>0,$H3=0),"אין נתוני מועמדים לחישוב","")
A4: מעריב | B4: =INDEX('סקרים לפי ערוץ'!$B:$B,MATCH($A4,'סקרים לפי ערוץ'!$A:$A,0)) | C4: ש"ס | D4: =INDEX('סקרים לפי ערוץ'!G:G,MATCH($A4,'סקרים לפי ערוץ'!$A:$A,0)) | E4: =COUNTIFS('מועמדים 2026'!$A:$A,$C4,'מועמדים 2026'!$D:$D,"נ",'מועמדים 2026'!$B:$B,"<="&$D4) | F4: =COUNTIFS('מועמדים 2026'!$A:$A,$C4,'מועמדים 2026'!$D:$D,"ז",'מועמדים 2026'!$B:$B,"<="&$D4) | G4: =IF($D4=0,0,$E4/$D4) | H4: =COUNTIFS('מועמדים 2026'!$A:$A,$C4) | I4: =IF(AND($D4>0,$H4=0),"אין נתוני מועמדים לחישוב","")
A5: מעריב | B5: =INDEX('סקרים לפי ערוץ'!$B:$B,MATCH($A5,'סקרים לפי ערוץ'!$A:$A,0)) | C5: כחול לבן | D5: =INDEX('סקרים לפי ערוץ'!H:H,MATCH($A5,'סקרים לפי ערוץ'!$A:$A,0)) | E5: =COUNTIFS('מועמדים 2026'!$A:$A,$C5,'מועמדים 2026'!$D:$D,"נ",'מועמדים 2026'!$B:$B,"<="&$D5) | F5: =COUNTIFS('מועמדים 2026'!$A:$A,$C5,'מועמדים 2026'!$D:$D,"ז",'מועמדים 2026'!$B:$B,"<="&$D5) | G5: =IF($D5=0,0,$E5/$D5) | H5: =COUNTIFS('מועמדים 2026'!$A:$A,$C5) | I5: =IF(AND($D5>0,$H5=0),"אין נתוני מועמדים לחישוב","")
A6: מעריב | B6: =INDEX('סקרים לפי ערוץ'!$B:$B,MATCH($A6,'סקרים לפי ערוץ'!$A:$A,0)) | C6: חדש תע"ל | D6: =INDEX('סקרים לפי ערוץ'!I:I,MATCH($A6,'סקרים לפי ערוץ'!$A:$A,0)) | E6: =COUNTIFS('מועמדים 2026'!$A:$A,$C6,'מועמדים 2026'!$D:$D,"נ",'מועמדים 2026'!$B:$B,"<="&$D6) | F6: =COUNTIFS('מועמדים 2026'!$A:$A,$C6,'מועמדים 2026'!$D:$D,"ז",'מועמדים 2026'!$B:$B,"<="&$D6) | G6: =IF($D6=0,0,$E6/$D6) | H6: =COUNTIFS('מועמדים 2026'!$A:$A,$C6) | I6: =IF(AND($D6>0,$H6=0),"אין נתוני מועמדים לחישוב","")
A7: מעריב | B7: =INDEX('סקרים לפי ערוץ'!$B:$B,MATCH($A7,'סקרים לפי ערוץ'!$A:$A,0)) | C7: ישראל ביתנו | D7: =INDEX('סקרים לפי ערוץ'!J:J,MATCH($A7,'סקרים לפי ערוץ'!$A:$A,0)) | E7: =COUNTIFS('מועמדים 2026'!$A:$A,$C7,'מועמדים 2026'!$D:$D,"נ",'מועמדים 2026'!$B:$B,"<="&$D7) | F7: =COUNTIFS('מועמדים 2026'!$A:$A,$C7,'מועמדים 2026'!$D:$D,"ז",'מועמדים 2026'!$B:$B,"<="&$D7) | G7: =IF($D7=0,0,$E7/$D7) | H7: =COUNTIFS('מועמדים 2026'!$A:$A,$C7) | I7: =IF(AND($D7>0,$H7=0),"אין נתוני מועמדים לחישוב","")
A8: מעריב | B8: =INDEX('סקרים לפי ערוץ'!$B:$B,MATCH($A8,'סקרים לפי ערוץ'!$A:$A,0)) | C8: הדמוקרטים | D8: =INDEX('סקרים לפי ערוץ'!K:K,MATCH($A8,'סקרים לפי ערוץ'!$A:$A,0)) | E8: =COUNTIFS('מועמדים 2026'!$A:$A,$C8,'מועמדים 2026'!$D:$D,"נ",'מועמדים 2026'!$B:$B,"<="&$D8) | F8: =COUNTIFS('מועמדים 2026'!$A:$A,$C8,'מועמדים 2026'!$D:$D,"ז",'מועמדים 2026'!$B:$B,"<="&$D8) | G8: =IF($D8=0,0,$E8/$D8) | H8: =COUNTIFS('מועמדים 2026'!$A:$A,$C8) | I8: =IF(AND($D8>0,$H8=0),"אין נתוני מועמדים לחישוב","")
A9: מעריב | B9: =INDEX('סקרים לפי ערוץ'!$B:$B,MATCH($A9,'סקרים לפי ערוץ'!$A:$A,0)) | C9: הציונות הדתית | D9: =INDEX('סקרים לפי ערוץ'!L:L,MATCH($A9,'סקרים לפי ערוץ'!$A:$A,0)) | E9: =COUNTIFS('מועמדים 2026'!$A:$A,$C9,'מועמדים 2026'!$D:$D,"נ",'מועמדים 2026'!$B:$B,"<="&$D9) | F9: =COUNTIFS('מועמדים 2026'!$A:$A,$C9,'מועמדים 2026'!$D:$D,"ז",'מועמדים 2026'!$B:$B,"<="&$D9) | G9: =IF($D9=0,0,$E9/$D9) | H9: =COUNTIFS('מועמדים 2026'!$A:$A,$C9) | I9: =IF(AND($D9>0,$H9=0),"אין נתוני מועמדים לחישוב","")
A10: מעריב | B10: =INDEX('סקרים לפי ערוץ'!$B:$B,MATCH($A10,'סקרים לפי ערוץ'!$A:$A,0)) | C10: רע"מ | D10: =INDEX('סקרים לפי ערוץ'!M:M,MATCH($A10,'סקרים לפי ערוץ'!$A:$A,0)) | E10: =COUNTIFS('מועמדים 2026'!$A:$A,$C10,'מועמדים 2026'!$D:$D,"נ",'מועמדים 2026'!$B:$B,"<="&$D10) | F10: =COUNTIFS('מועמדים 2026'!$A:$A,$C10,'מועמדים 2026'!$D:$D,"ז",'מועמדים 2026'!$B:$B,"<="&$D10) | G10: =IF($D10=0,0,$E10/$D10) | H10: =COUNTIFS('מועמדים 2026'!$A:$A,$C10) | I10: =IF(AND($D10>0,$H10=0),"אין נתוני מועמדים לחישוב","")
A11: מעריב | B11: =INDEX('סקרים לפי ערוץ'!$B:$B,MATCH($A11,'סקרים לפי ערוץ'!$A:$A,0)) | C11: עוצמה יהודית | D11: =INDEX('סקרים לפי ערוץ'!N:N,MATCH($A11,'סקרים לפי ערוץ'!$A:$A,0)) | E11: =COUNTIFS('מועמדים 2026'!$A:$A,$C11,'מועמדים 2026'!$D:$D,"נ",'מועמדים 2026'!$B:$B,"<="&$D11) | F11: =COUNTIFS('מועמדים 2026'!$A:$A,$C11,'מועמדים 2026'!$D:$D,"ז",'מועמדים 2026'!$B:$B,"<="&$D11) | G11: =IF($D11=0,0,$E11/$D11) | H11: =COUNTIFS('מועמדים 2026'!$A:$A,$C11) | I11: =IF(AND($D11>0,$H11=0),"אין נתוני מועמדים לחישוב","")
A12: מעריב | B12: =INDEX('סקרים לפי ערוץ'!$B:$B,MATCH($A12,'סקרים לפי ערוץ'!$A:$A,0)) | C12: ביחד (בנט-לפיד) | D12: =INDEX('סקרים לפי ערוץ'!O:O,MATCH($A12,'סקרים לפי ערוץ'!$A:$A,0)) | E12: =COUNTIFS('מועמדים 2026'!$A:$A,$C12,'מועמדים 2026'!$D:$D,"נ",'מועמדים 2026'!$B:$B,"<="&$D12) | F12: =COUNTIFS('מועמדים 2026'!$A:$A,$C12,'מועמדים 2026'!$D:$D,"ז",'מועמדים 2026'!$B:$B,"<="&$D12) | G12: =IF($D12=0,0,$E12/$D12) | H12: =COUNTIFS('מועמדים 2026'!$A:$A,$C12) | I12: =IF(AND($D12>0,$H12=0),"אין נתוני מועמדים לחישוב","")
A13: מעריב | B13: =INDEX('סקרים לפי ערוץ'!$B:$B,MATCH($A13,'סקרים לפי ערוץ'!$A:$A,0)) | C13: ישר! | D13: =INDEX('סקרים לפי ערוץ'!P:P,MATCH($A13,'סקרים לפי ערוץ'!$A:$A,0)) | E13: =COUNTIFS('מועמדים 2026'!$A:$A,$C13,'מועמדים 2026'!$D:$D,"נ",'מועמדים 2026'!$B:$B,"<="&$D13) | F13: =COUNTIFS('מועמדים 2026'!$A:$A,$C13,'מועמדים 2026'!$D:$D,"ז",'מועמדים 2026'!$B:$B,"<="&$D13) | G13: =IF($D13=0,0,$E13/$D13) | H13: =COUNTIFS('מועמדים 2026'!$A:$A,$C13) | I13: =IF(AND($D13>0,$H13=0),"אין נתוני מועמדים לחישוב","")
A14: זמן ישראל | B14: =INDEX('סקרים לפי ערוץ'!$B:$B,MATCH($A14,'סקרים לפי ערוץ'!$A:$A,0)) | C14: הליכוד | D14: =INDEX('סקרים לפי ערוץ'!E:E,MATCH($A14,'סקרים לפי ערוץ'!$A:$A,0)) | E14: =COUNTIFS('מועמדים 2026'!$A:$A,$C14,'מועמדים 2026'!$D:$D,"נ",'מועמדים 2026'!$B:$B,"<="&$D14) | F14: =COUNTIFS('מועמדים 2026'!$A:$A,$C14,'מועמדים 2026'!$D:$D,"ז",'מועמדים 2026'!$B:$B,"<="&$D14) | G14: =IF($D14=0,0,$E14/$D14) | H14: =COUNTIFS('מועמדים 2026'!$A:$A,$C14) | I14: =IF(AND($D14>0,$H14=0),"אין נתוני מועמדים לחישוב","")
A15: זמן ישראל | B15: =INDEX('סקרים לפי ערוץ'!$B:$B,MATCH($A15,'סקרים לפי ערוץ'!$A:$A,0)) | C15: יהדות התורה | D15: =INDEX('סקרים לפי ערוץ'!F:F,MATCH($A15,'סקרים לפי ערוץ'!$A:$A,0)) | E15: =COUNTIFS('מועמדים 2026'!$A:$A,$C15,'מועמדים 2026'!$D:$D,"נ",'מועמדים 2026'!$B:$B,"<="&$D15) | F15: =COUNTIFS('מועמדים 2026'!$A:$A,$C15,'מועמדים 2026'!$D:$D,"ז",'מועמדים 2026'!$B:$B,"<="&$D15) | G15: =IF($D15=0,0,$E15/$D15) | H15: =COUNTIFS('מועמדים 2026'!$A:$A,$C15) | I15: =IF(AND($D15>0,$H15=0),"אין נתוני מועמדים לחישוב","")
A16: זמן ישראל | B16: =INDEX('סקרים לפי ערוץ'!$B:$B,MATCH($A16,'סקרים לפי ערוץ'!$A:$A,0)) | C16: ש"ס | D16: =INDEX('סקרים לפי ערוץ'!G:G,MATCH($A16,'סקרים לפי ערוץ'!$A:$A,0)) | E16: =COUNTIFS('מועמדים 2026'!$A:$A,$C16,'מועמדים 2026'!$D:$D,"נ",'מועמדים 2026'!$B:$B,"<="&$D16) | F16: =COUNTIFS('מועמדים 2026'!$A:$A,$C16,'מועמדים 2026'!$D:$D,"ז",'מועמדים 2026'!$B:$B,"<="&$D16) | G16: =IF($D16=0,0,$E16/$D16) | H16: =COUNTIFS('מועמדים 2026'!$A:$A,$C16) | I16: =IF(AND($D16>0,$H16=0),"אין נתוני מועמדים לחישוב","")
A17: זמן ישראל | B17: =INDEX('סקרים לפי ערוץ'!$B:$B,MATCH($A17,'סקרים לפי ערוץ'!$A:$A,0)) | C17: כחול לבן | D17: =INDEX('סקרים לפי ערוץ'!H:H,MATCH($A17,'סקרים לפי ערוץ'!$A:$A,0)) | E17: =COUNTIFS('מועמדים 2026'!$A:$A,$C17,'מועמדים 2026'!$D:$D,"נ",'מועמדים 2026'!$B:$B,"<="&$D17) | F17: =COUNTIFS('מועמדים 2026'!$A:$A,$C17,'מועמדים 2026'!$D:$D,"ז",'מועמדים 2026'!$B:$B,"<="&$D17) | G17: =IF($D17=0,0,$E17/$D17) | H17: =COUNTIFS('מועמדים 2026'!$A:$A,$C17) | I17: =IF(AND($D17>0,$H17=0),"אין נתוני מועמדים לחישוב","")
A18: זמן ישראל | B18: =INDEX('סקרים לפי ערוץ'!$B:$B,MATCH($A18,'סקרים לפי ערוץ'!$A:$A,0)) | C18: חדש תע"ל | D18: =INDEX('סקרים לפי ערוץ'!I:I,MATCH($A18,'סקרים לפי ערוץ'!$A:$A,0)) | E18: =COUNTIFS('מועמדים 2026'!$A:$A,$C18,'מועמדים 2026'!$D:$D,"נ",'מועמדים 2026'!$B:$B,"<="&$D18) | F18: =COUNTIFS('מועמדים 2026'!$A:$A,$C18,'מועמדים 2026'!$D:$D,"ז",'מועמדים 2026'!$B:$B,"<="&$D18) | G18: =IF($D18=0,0,$E18/$D18) | H18: =COUNTIFS('מועמדים 2026'!$A:$A,$C18) | I18: =IF(AND($D18>0,$H18=0),"אין נתוני מועמדים לחישוב","")
A19: זמן ישראל | B19: =INDEX('סקרים לפי ערוץ'!$B:$B,MATCH($A19,'סקרים לפי ערוץ'!$A:$A,0)) | C19: ישראל ביתנו | D19: =INDEX('סקרים לפי ערוץ'!J:J,MATCH($A19,'סקרים לפי ערוץ'!$A:$A,0)) | E19: =COUNTIFS('מועמדים 2026'!$A:$A,$C19,'מועמדים 2026'!$D:$D,"נ",'מועמדים 2026'!$B:$B,"<="&$D19) | F19: =COUNTIFS('מועמדים 2026'!$A:$A,$C19,'מועמדים 2026'!$D:$D,"ז",'מועמדים 2026'!$B:$B,"<="&$D19) | G19: =IF($D19=0,0,$E19/$D19) | H19: =COUNTIFS('מועמדים 2026'!$A:$A,$C19) | I19: =IF(AND($D19>0,$H19=0),"אין נתוני מועמדים לחישוב","")
A20: זמן ישראל | B20: =INDEX('סקרים לפי ערוץ'!$B:$B,MATCH($A20,'סקרים לפי ערוץ'!$A:$A,0)) | C20: הדמוקרטים | D20: =INDEX('סקרים לפי ערוץ'!K:K,MATCH($A20,'סקרים לפי ערוץ'!$A:$A,0)) | E20: =COUNTIFS('מועמדים 2026'!$A:$A,$C20,'מועמדים 2026'!$D:$D,"נ",'מועמדים 2026'!$B:$B,"<="&$D20) | F20: =COUNTIFS('מועמדים 2026'!$A:$A,$C20,'מועמדים 2026'!$D:$D,"ז",'מועמדים 2026'!$B:$B,"<="&$D20) | G20: =IF($D20=0,0,$E20/$D20) | H20: =COUNTIFS('מועמדים 2026'!$A:$A,$C20) | I20: =IF(AND($D20>0,$H20=0),"אין נתוני מועמדים לחישוב","")
A21: זמן ישראל | B21: =INDEX('סקרים לפי ערוץ'!$B:$B,MATCH($A21,'סקרים לפי ערוץ'!$A:$A,0)) | C21: הציונות הדתית | D21: =INDEX('סקרים לפי ערוץ'!L:L,MATCH($A21,'סקרים לפי ערוץ'!$A:$A,0)) | E21: =COUNTIFS('מועמדים 2026'!$A:$A,$C21,'מועמדים 2026'!$D:$D,"נ",'מועמדים 2026'!$B:$B,"<="&$D21) | F21: =COUNTIFS('מועמדים 2026'!$A:$A,$C21,'מועמדים 2026'!$D:$D,"ז",'מועמדים 2026'!$B:$B,"<="&$D21) | G21: =IF($D21=0,0,$E21/$D21) | H21: =COUNTIFS('מועמדים 2026'!$A:$A,$C21) | I21: =IF(AND($D21>0,$H21=0),"אין נתוני מועמדים לחישוב","")
A22: זמן ישראל | B22: =INDEX('סקרים לפי ערוץ'!$B:$B,MATCH($A22,'סקרים לפי ערוץ'!$A:$A,0)) | C22: רע"מ | D22: =INDEX('סקרים לפי ערוץ'!M:M,MATCH($A22,'סקרים לפי ערוץ'!$A:$A,0)) | E22: =COUNTIFS('מועמדים 2026'!$A:$A,$C22,'מועמדים 2026'!$D:$D,"נ",'מועמדים 2026'!$B:$B,"<="&$D22) | F22: =COUNTIFS('מועמדים 2026'!$A:$A,$C22,'מועמדים 2026'!$D:$D,"ז",'מועמדים 2026'!$B:$B,"<="&$D22) | G22: =IF($D22=0,0,$E22/$D22) | H22: =COUNTIFS('מועמדים 2026'!$A:$A,$C22) | I22: =IF(AND($D22>0,$H22=0),"אין נתוני מועמדים לחישוב","")
A23: זמן ישראל | B23: =INDEX('סקרים לפי ערוץ'!$B:$B,MATCH($A23,'סקרים לפי ערוץ'!$A:$A,0)) | C23: עוצמה יהודית | D23: =INDEX('סקרים לפי ערוץ'!N:N,MATCH($A23,'סקרים לפי ערוץ'!$A:$A,0)) | E23: =COUNTIFS('מועמדים 2026'!$A:$A,$C23,'מועמדים 2026'!$D:$D,"נ",'מועמדים 2026'!$B:$B,"<="&$D23) | F23: =COUNTIFS('מועמדים 2026'!$A:$A,$C23,'מועמדים 2026'!$D:$D,"ז",'מועמדים 2026'!$B:$B,"<="&$D23) | G23: =IF($D23=0,0,$E23/$D23) | H23: =COUNTIFS('מועמדים 2026'!$A:$A,$C23) | I23: =IF(AND($D23>0,$H23=0),"אין נתוני מועמדים לחישוב","")
A24: זמן ישראל | B24: =INDEX('סקרים לפי ערוץ'!$B:$B,MATCH($A24,'סקרים לפי ערוץ'!$A:$A,0)) | C24: ביחד (בנט-לפיד) | D24: =INDEX('סקרים לפי ערוץ'!O:O,MATCH($A24,'סקרים לפי ערוץ'!$A:$A,0)) | E24: =COUNTIFS('מועמדים 2026'!$A:$A,$C24,'מועמדים 2026'!$D:$D,"נ",'מועמדים 2026'!$B:$B,"<="&$D24) | F24: =COUNTIFS('מועמדים 2026'!$A:$A,$C24,'מועמדים 2026'!$D:$D,"ז",'מועמדים 2026'!$B:$B,"<="&$D24) | G24: =IF($D24=0,0,$E24/$D24) | H24: =COUNTIFS('מועמדים 2026'!$A:$A,$C24) | I24: =IF(AND($D24>0,$H24=0),"אין נתוני מועמדים לחישוב","")
A25: זמן ישראל | B25: =INDEX('סקרים לפי ערוץ'!$B:$B,MATCH($A25,'סקרים לפי ערוץ'!$A:$A,0)) | C25: ישר! | D25: =INDEX('סקרים לפי ערוץ'!P:P,MATCH($A25,'סקרים לפי ערוץ'!$A:$A,0)) | E25: =COUNTIFS('מועמדים 2026'!$A:$A,$C25,'מועמדים 2026'!$D:$D,"נ",'מועמדים 2026'!$B:$B,"<="&$D25) | F25: =COUNTIFS('מועמדים 2026'!$A:$A,$C25,'מועמדים 2026'!$D:$D,"ז",'מועמדים 2026'!$B:$B,"<="&$D25) | G25: =IF($D25=0,0,$E25/$D25) | H25: =COUNTIFS('מועמדים 2026'!$A:$A,$C25) | I25: =IF(AND($D25>0,$H25=0),"אין נתוני מועמדים לחישוב","")
A26: חדשות 13 | B26: =INDEX('סקרים לפי ערוץ'!$B:$B,MATCH($A26,'סקרים לפי ערוץ'!$A:$A,0)) | C26: הליכוד | D26: =INDEX('סקרים לפי ערוץ'!E:E,MATCH($A26,'סקרים לפי ערוץ'!$A:$A,0)) | E26: =COUNTIFS('מועמדים 2026'!$A:$A,$C26,'מועמדים 2026'!$D:$D,"נ",'מועמדים 2026'!$B:$B,"<="&$D26) | F26: =COUNTIFS('מועמדים 2026'!$A:$A,$C26,'מועמדים 2026'!$D:$D,"ז",'מועמדים 2026'!$B:$B,"<="&$D26) | G26: =IF($D26=0,0,$E26/$D26) | H26: =COUNTIFS('מועמדים 2026'!$A:$A,$C26) | I26: =IF(AND($D26>0,$H26=0),"אין נתוני מועמדים לחישוב","")
A27: חדשות 13 | B27: =INDEX('סקרים לפי ערוץ'!$B:$B,MATCH($A27,'סקרים לפי ערוץ'!$A:$A,0)) | C27: יהדות התורה | D27: =INDEX('סקרים לפי ערוץ'!F:F,MATCH($A27,'סקרים לפי ערוץ'!$A:$A,0)) | E27: =COUNTIFS('מועמדים 2026'!$A:$A,$C27,'מועמדים 2026'!$D:$D,"נ",'מועמדים 2026'!$B:$B,"<="&$D27) | F27: =COUNTIFS('מועמדים 2026'!$A:$A,$C27,'מועמדים 2026'!$D:$D,"ז",'מועמדים 2026'!$B:$B,"<="&$D27) | G27: =IF($D27=0,0,$E27/$D27) | H27: =COUNTIFS('מועמדים 2026'!$A:$A,$C27) | I27: =IF(AND($D27>0,$H27=0),"אין נתוני מועמדים לחישוב","")
A28: חדשות 13 | B28: =INDEX('סקרים לפי ערוץ'!$B:$B,MATCH($A28,'סקרים לפי ערוץ'!$A:$A,0)) | C28: ש"ס | D28: =INDEX('סקרים לפי ערוץ'!G:G,MATCH($A28,'סקרים לפי ערוץ'!$A:$A,0)) | E28: =COUNTIFS('מועמדים 2026'!$A:$A,$C28,'מועמדים 2026'!$D:$D,"נ",'מועמדים 2026'!$B:$B,"<="&$D28) | F28: =COUNTIFS('מועמדים 2026'!$A:$A,$C28,'מועמדים 2026'!$D:$D,"ז",'מועמדים 2026'!$B:$B,"<="&$D28) | G28: =IF($D28=0,0,$E28/$D28) | H28: =COUNTIFS('מועמדים 2026'!$A:$A,$C28) | I28: =IF(AND($D28>0,$H28=0),"אין נתוני מועמדים לחישוב","")
A29: חדשות 13 | B29: =INDEX('סקרים לפי ערוץ'!$B:$B,MATCH($A29,'סקרים לפי ערוץ'!$A:$A,0)) | C29: כחול לבן | D29: =INDEX('סקרים לפי ערוץ'!H:H,MATCH($A29,'סקרים לפי ערוץ'!$A:$A,0)) | E29: =COUNTIFS('מועמדים 2026'!$A:$A,$C29,'מועמדים 2026'!$D:$D,"נ",'מועמדים 2026'!$B:$B,"<="&$D29) | F29: =COUNTIFS('מועמדים 2026'!$A:$A,$C29,'מועמדים 2026'!$D:$D,"ז",'מועמדים 2026'!$B:$B,"<="&$D29) | G29: =IF($D29=0,0,$E29/$D29) | H29: =COUNTIFS('מועמדים 2026'!$A:$A,$C29) | I29: =IF(AND($D29>0,$H29=0),"אין נתוני מועמדים לחישוב","")
A30: חדשות 13 | B30: =INDEX('סקרים לפי ערוץ'!$B:$B,MATCH($A30,'סקרים לפי ערוץ'!$A:$A,0)) | C30: חדש תע"ל | D30: =INDEX('סקרים לפי ערוץ'!I:I,MATCH($A30,'סקרים לפי ערוץ'!$A:$A,0)) | E30: =COUNTIFS('מועמדים 2026'!$A:$A,$C30,'מועמדים 2026'!$D:$D,"נ",'מועמדים 2026'!$B:$B,"<="&$D30) | F30: =COUNTIFS('מועמדים 2026'!$A:$A,$C30,'מועמדים 2026'!$D:$D,"ז",'מועמדים 2026'!$B:$B,"<="&$D30) | G30: =IF($D30=0,0,$E30/$D30) | H30: =COUNTIFS('מועמדים 2026'!$A:$A,$C30) | I30: =IF(AND($D30>0,$H30=0),"אין נתוני מועמדים לחישוב","")
A31: חדשות 13 | B31: =INDEX('סקרים לפי ערוץ'!$B:$B,MATCH($A31,'סקרים לפי ערוץ'!$A:$A,0)) | C31: ישראל ביתנו | D31: =INDEX('סקרים לפי ערוץ'!J:J,MATCH($A31,'סקרים לפי ערוץ'!$A:$A,0)) | E31: =COUNTIFS('מועמדים 2026'!$A:$A,$C31,'מועמדים 2026'!$D:$D,"נ",'מועמדים 2026'!$B:$B,"<="&$D31) | F31: =COUNTIFS('מועמדים 2026'!$A:$A,$C31,'מועמדים 2026'!$D:$D,"ז",'מועמדים 2026'!$B:$B,"<="&$D31) | G31: =IF($D31=0,0,$E31/$D31) | H31: =COUNTIFS('מועמדים 2026'!$A:$A,$C31) | I31: =IF(AND($D31>0,$H31=0),"אין נתוני מועמדים לחישוב","")
A32: חדשות 13 | B32: =INDEX('סקרים לפי ערוץ'!$B:$B,MATCH($A32,'סקרים לפי ערוץ'!$A:$A,0)) | C32: הדמוקרטים | D32: =INDEX('סקרים לפי ערוץ'!K:K,MATCH($A32,'סקרים לפי ערוץ'!$A:$A,0)) | E32: =COUNTIFS('מועמדים 2026'!$A:$A,$C32,'מועמדים 2026'!$D:$D,"נ",'מועמדים 2026'!$B:$B,"<="&$D32) | F32: =COUNTIFS('מועמדים 2026'!$A:$A,$C32,'מועמדים 2026'!$D:$D,"ז",'מועמדים 2026'!$B:$B,"<="&$D32) | G32: =IF($D32=0,0,$E32/$D32) | H32: =COUNTIFS('מועמדים 2026'!$A:$A,$C32) | I32: =IF(AND($D32>0,$H32=0),"אין נתוני מועמדים לחישוב","")
A33: חדשות 13 | B33: =INDEX('סקרים לפי ערוץ'!$B:$B,MATCH($A33,'סקרים לפי ערוץ'!$A:$A,0)) | C33: הציונות הדתית | D33: =INDEX('סקרים לפי ערוץ'!L:L,MATCH($A33,'סקרים לפי ערוץ'!$A:$A,0)) | E33: =COUNTIFS('מועמדים 2026'!$A:$A,$C33,'מועמדים 2026'!$D:$D,"נ",'מועמדים 2026'!$B:$B,"<="&$D33) | F33: =COUNTIFS('מועמדים 2026'!$A:$A,$C33,'מועמדים 2026'!$D:$D,"ז",'מועמדים 2026'!$B:$B,"<="&$D33) | G33: =IF($D33=0,0,$E33/$D33) | H33: =COUNTIFS('מועמדים 2026'!$A:$A,$C33) | I33: =IF(AND($D33>0,$H33=0),"אין נתוני מועמדים לחישוב","")
A34: חדשות 13 | B34: =INDEX('סקרים לפי ערוץ'!$B:$B,MATCH($A34,'סקרים לפי ערוץ'!$A:$A,0)) | C34: רע"מ | D34: =INDEX('סקרים לפי ערוץ'!M:M,MATCH($A34,'סקרים לפי ערוץ'!$A:$A,0)) | E34: =COUNTIFS('מועמדים 2026'!$A:$A,$C34,'מועמדים 2026'!$D:$D,"נ",'מועמדים 2026'!$B:$B,"<="&$D34) | F34: =COUNTIFS('מועמדים 2026'!$A:$A,$C34,'מועמדים 2026'!$D:$D,"ז",'מועמדים 2026'!$B:$B,"<="&$D34) | G34: =IF($D34=0,0,$E34/$D34) | H34: =COUNTIFS('מועמדים 2026'!$A:$A,$C34) | I34: =IF(AND($D34>0,$H34=0),"אין נתוני מועמדים לחישוב","")
A35: חדשות 13 | B35: =INDEX('סקרים לפי ערוץ'!$B:$B,MATCH($A35,'סקרים לפי ערוץ'!$A:$A,0)) | C35: עוצמה יהודית | D35: =INDEX('סקרים לפי ערוץ'!N:N,MATCH($A35,'סקרים לפי ערוץ'!$A:$A,0)) | E35: =COUNTIFS('מועמדים 2026'!$A:$A,$C35,'מועמדים 2026'!$D:$D,"נ",'מועמדים 2026'!$B:$B,"<="&$D35) | F35: =COUNTIFS('מועמדים 2026'!$A:$A,$C35,'מועמדים 2026'!$D:$D,"ז",'מועמדים 2026'!$B:$B,"<="&$D35) | G35: =IF($D35=0,0,$E35/$D35) | H35: =COUNTIFS('מועמדים 2026'!$A:$A,$C35) | I35: =IF(AND($D35>0,$H35=0),"אין נתוני מועמדים לחישוב","")
A36: חדשות 13 | B36: =INDEX('סקרים לפי ערוץ'!$B:$B,MATCH($A36,'סקרים לפי ערוץ'!$A:$A,0)) | C36: ביחד (בנט-לפיד) | D36: =INDEX('סקרים לפי ערוץ'!O:O,MATCH($A36,'סקרים לפי ערוץ'!$A:$A,0)) | E36: =COUNTIFS('מועמדים 2026'!$A:$A,$C36,'מועמדים 2026'!$D:$D,"נ",'מועמדים 2026'!$B:$B,"<="&$D36) | F36: =COUNTIFS('מועמדים 2026'!$A:$A,$C36,'מועמדים 2026'!$D:$D,"ז",'מועמדים 2026'!$B:$B,"<="&$D36) | G36: =IF($D36=0,0,$E36/$D36) | H36: =COUNTIFS('מועמדים 2026'!$A:$A,$C36) | I36: =IF(AND($D36>0,$H36=0),"אין נתוני מועמדים לחישוב","")
A37: חדשות 13 | B37: =INDEX('סקרים לפי ערוץ'!$B:$B,MATCH($A37,'סקרים לפי ערוץ'!$A:$A,0)) | C37: ישר! | D37: =INDEX('סקרים לפי ערוץ'!P:P,MATCH($A37,'סקרים לפי ערוץ'!$A:$A,0)) | E37: =COUNTIFS('מועמדים 2026'!$A:$A,$C37,'מועמדים 2026'!$D:$D,"נ",'מועמדים 2026'!$B:$B,"<="&$D37) | F37: =COUNTIFS('מועמדים 2026'!$A:$A,$C37,'מועמדים 2026'!$D:$D,"ז",'מועמדים 2026'!$B:$B,"<="&$D37) | G37: =IF($D37=0,0,$E37/$D37) | H37: =COUNTIFS('מועמדים 2026'!$A:$A,$C37) | I37: =IF(AND($D37>0,$H37=0),"אין נתוני מועמדים לחישוב","")
A38: ערוץ 14 | B38: =INDEX('סקרים לפי ערוץ'!$B:$B,MATCH($A38,'סקרים לפי ערוץ'!$A:$A,0)) | C38: הליכוד | D38: =INDEX('סקרים לפי ערוץ'!E:E,MATCH($A38,'סקרים לפי ערוץ'!$A:$A,0)) | E38: =COUNTIFS('מועמדים 2026'!$A:$A,$C38,'מועמדים 2026'!$D:$D,"נ",'מועמדים 2026'!$B:$B,"<="&$D38) | F38: =COUNTIFS('מועמדים 2026'!$A:$A,$C38,'מועמדים 2026'!$D:$D,"ז",'מועמדים 2026'!$B:$B,"<="&$D38) | G38: =IF($D38=0,0,$E38/$D38) | H38: =COUNTIFS('מועמדים 2026'!$A:$A,$C38) | I38: =IF(AND($D38>0,$H38=0),"אין נתוני מועמדים לחישוב","")
A39: ערוץ 14 | B39: =INDEX('סקרים לפי ערוץ'!$B:$B,MATCH($A39,'סקרים לפי ערוץ'!$A:$A,0)) | C39: יהדות התורה | D39: =INDEX('סקרים לפי ערוץ'!F:F,MATCH($A39,'סקרים לפי ערוץ'!$A:$A,0)) | E39: =COUNTIFS('מועמדים 2026'!$A:$A,$C39,'מועמדים 2026'!$D:$D,"נ",'מועמדים 2026'!$B:$B,"<="&$D39) | F39: =COUNTIFS('מועמדים 2026'!$A:$A,$C39,'מועמדים 2026'!$D:$D,"ז",'מועמדים 2026'!$B:$B,"<="&$D39) | G39: =IF($D39=0,0,$E39/$D39) | H39: =COUNTIFS('מועמדים 2026'!$A:$A,$C39) | I39: =IF(AND($D39>0,$H39=0),"אין נתוני מועמדים לחישוב","")
A40: ערוץ 14 | B40: =INDEX('סקרים לפי ערוץ'!$B:$B,MATCH($A40,'סקרים לפי ערוץ'!$A:$A,0)) | C40: ש"ס | D40: =INDEX('סקרים לפי ערוץ'!G:G,MATCH($A40,'סקרים לפי ערוץ'!$A:$A,0)) | E40: =COUNTIFS('מועמדים 2026'!$A:$A,$C40,'מועמדים 2026'!$D:$D,"נ",'מועמדים 2026'!$B:$B,"<="&$D40) | F40: =COUNTIFS('מועמדים 2026'!$A:$A,$C40,'מועמדים 2026'!$D:$D,"ז",'מועמדים 2026'!$B:$B,"<="&$D40) | G40: =IF($D40=0,0,$E40/$D40) | H40: =COUNTIFS('מועמדים 2026'!$A:$A,$C40) | I40: =IF(AND($D40>0,$H40=0),"אין נתוני מועמדים לחישוב","")
A41: ערוץ 14 | B41: =INDEX('סקרים לפי ערוץ'!$B:$B,MATCH($A41,'סקרים לפי ערוץ'!$A:$A,0)) | C41: כחול לבן | D41: =INDEX('סקרים לפי ערוץ'!H:H,MATCH($A41,'סקרים לפי ערוץ'!$A:$A,0)) | E41: =COUNTIFS('מועמדים 2026'!$A:$A,$C41,'מועמדים 2026'!$D:$D,"נ",'מועמדים 2026'!$B:$B,"<="&$D41) | F41: =COUNTIFS('מועמדים 2026'!$A:$A,$C41,'מועמדים 2026'!$D:$D,"ז",'מועמדים 2026'!$B:$B,"<="&$D41) | G41: =IF($D41=0,0,$E41/$D41) | H41: =COUNTIFS('מועמדים 2026'!$A:$A,$C41) | I41: =IF(AND($D41>0,$H41=0),"אין נתוני מועמדים לחישוב","")
A42: ערוץ 14 | B42: =INDEX('סקרים לפי ערוץ'!$B:$B,MATCH($A42,'סקרים לפי ערוץ'!$A:$A,0)) | C42: חדש תע"ל | D42: =INDEX('סקרים לפי ערוץ'!I:I,MATCH($A42,'סקרים לפי ערוץ'!$A:$A,0)) | E42: =COUNTIFS('מועמדים 2026'!$A:$A,$C42,'מועמדים 2026'!$D:$D,"נ",'מועמדים 2026'!$B:$B,"<="&$D42) | F42: =COUNTIFS('מועמדים 2026'!$A:$A,$C42,'מועמדים 2026'!$D:$D,"ז",'מועמדים 2026'!$B:$B,"<="&$D42) | G42: =IF($D42=0,0,$E42/$D42) | H42: =COUNTIFS('מועמדים 2026'!$A:$A,$C42) | I42: =IF(AND($D42>0,$H42=0),"אין נתוני מועמדים לחישוב","")
A43: ערוץ 14 | B43: =INDEX('סקרים לפי ערוץ'!$B:$B,MATCH($A43,'סקרים לפי ערוץ'!$A:$A,0)) | C43: ישראל ביתנו | D43: =INDEX('סקרים לפי ערוץ'!J:J,MATCH($A43,'סקרים לפי ערוץ'!$A:$A,0)) | E43: =COUNTIFS('מועמדים 2026'!$A:$A,$C43,'מועמדים 2026'!$D:$D,"נ",'מועמדים 2026'!$B:$B,"<="&$D43) | F43: =COUNTIFS('מועמדים 2026'!$A:$A,$C43,'מועמדים 2026'!$D:$D,"ז",'מועמדים 2026'!$B:$B,"<="&$D43) | G43: =IF($D43=0,0,$E43/$D43) | H43: =COUNTIFS('מועמדים 2026'!$A:$A,$C43) | I43: =IF(AND($D43>0,$H43=0),"אין נתוני מועמדים לחישוב","")
A44: ערוץ 14 | B44: =INDEX('סקרים לפי ערוץ'!$B:$B,MATCH($A44,'סקרים לפי ערוץ'!$A:$A,0)) | C44: הדמוקרטים | D44: =INDEX('סקרים לפי ערוץ'!K:K,MATCH($A44,'סקרים לפי ערוץ'!$A:$A,0)) | E44: =COUNTIFS('מועמדים 2026'!$A:$A,$C44,'מועמדים 2026'!$D:$D,"נ",'מועמדים 2026'!$B:$B,"<="&$D44) | F44: =COUNTIFS('מועמדים 2026'!$A:$A,$C44,'מועמדים 2026'!$D:$D,"ז",'מועמדים 2026'!$B:$B,"<="&$D44) | G44: =IF($D44=0,0,$E44/$D44) | H44: =COUNTIFS('מועמדים 2026'!$A:$A,$C44) | I44: =IF(AND($D44>0,$H44=0),"אין נתוני מועמדים לחישוב","")
A45: ערוץ 14 | B45: =INDEX('סקרים לפי ערוץ'!$B:$B,MATCH($A45,'סקרים לפי ערוץ'!$A:$A,0)) | C45: הציונות הדתית | D45: =INDEX('סקרים לפי ערוץ'!L:L,MATCH($A45,'סקרים לפי ערוץ'!$A:$A,0)) | E45: =COUNTIFS('מועמדים 2026'!$A:$A,$C45,'מועמדים 2026'!$D:$D,"נ",'מועמדים 2026'!$B:$B,"<="&$D45) | F45: =COUNTIFS('מועמדים 2026'!$A:$A,$C45,'מועמדים 2026'!$D:$D,"ז",'מועמדים 2026'!$B:$B,"<="&$D45) | G45: =IF($D45=0,0,$E45/$D45) | H45: =COUNTIFS('מועמדים 2026'!$A:$A,$C45) | I45: =IF(AND($D45>0,$H45=0),"אין נתוני מועמדים לחישוב","")
A46: ערוץ 14 | B46: =INDEX('סקרים לפי ערוץ'!$B:$B,MATCH($A46,'סקרים לפי ערוץ'!$A:$A,0)) | C46: רע"מ | D46: =INDEX('סקרים לפי ערוץ'!M:M,MATCH($A46,'סקרים לפי ערוץ'!$A:$A,0)) | E46: =COUNTIFS('מועמדים 2026'!$A:$A,$C46,'מועמדים 2026'!$D:$D,"נ",'מועמדים 2026'!$B:$B,"<="&$D46) | F46: =COUNTIFS('מועמדים 2026'!$A:$A,$C46,'מועמדים 2026'!$D:$D,"ז",'מועמדים 2026'!$B:$B,"<="&$D46) | G46: =IF($D46=0,0,$E46/$D46) | H46: =COUNTIFS('מועמדים 2026'!$A:$A,$C46) | I46: =IF(AND($D46>0,$H46=0),"אין נתוני מועמדים לחישוב","")
A47: ערוץ 14 | B47: =INDEX('סקרים לפי ערוץ'!$B:$B,MATCH($A47,'סקרים לפי ערוץ'!$A:$A,0)) | C47: עוצמה יהודית | D47: =INDEX('סקרים לפי ערוץ'!N:N,MATCH($A47,'סקרים לפי ערוץ'!$A:$A,0)) | E47: =COUNTIFS('מועמדים 2026'!$A:$A,$C47,'מועמדים 2026'!$D:$D,"נ",'מועמדים 2026'!$B:$B,"<="&$D47) | F47: =COUNTIFS('מועמדים 2026'!$A:$A,$C47,'מועמדים 2026'!$D:$D,"ז",'מועמדים 2026'!$B:$B,"<="&$D47) | G47: =IF($D47=0,0,$E47/$D47) | H47: =COUNTIFS('מועמדים 2026'!$A:$A,$C47) | I47: =IF(AND($D47>0,$H47=0),"אין נתוני מועמדים לחישוב","")
A48: ערוץ 14 | B48: =INDEX('סקרים לפי ערוץ'!$B:$B,MATCH($A48,'סקרים לפי ערוץ'!$A:$A,0)) | C48: ביחד (בנט-לפיד) | D48: =INDEX('סקרים לפי ערוץ'!O:O,MATCH($A48,'סקרים לפי ערוץ'!$A:$A,0)) | E48: =COUNTIFS('מועמדים 2026'!$A:$A,$C48,'מועמדים 2026'!$D:$D,"נ",'מועמדים 2026'!$B:$B,"<="&$D48) | F48: =COUNTIFS('מועמדים 2026'!$A:$A,$C48,'מועמדים 2026'!$D:$D,"ז",'מועמדים 2026'!$B:$B,"<="&$D48) | G48: =IF($D48=0,0,$E48/$D48) | H48: =COUNTIFS('מועמדים 2026'!$A:$A,$C48) | I48: =IF(AND($D48>0,$H48=0),"אין נתוני מועמדים לחישוב","")
A49: ערוץ 14 | B49: =INDEX('סקרים לפי ערוץ'!$B:$B,MATCH($A49,'סקרים לפי ערוץ'!$A:$A,0)) | C49: ישר! | D49: =INDEX('סקרים לפי ערוץ'!P:P,MATCH($A49,'סקרים לפי ערוץ'!$A:$A,0)) | E49: =COUNTIFS('מועמדים 2026'!$A:$A,$C49,'מועמדים 2026'!$D:$D,"נ",'מועמדים 2026'!$B:$B,"<="&$D49) | F49: =COUNTIFS('מועמדים 2026'!$A:$A,$C49,'מועמדים 2026'!$D:$D,"ז",'מועמדים 2026'!$B:$B,"<="&$D49) | G49: =IF($D49=0,0,$E49/$D49) | H49: =COUNTIFS('מועמדים 2026'!$A:$A,$C49) | I49: =IF(AND($D49>0,$H49=0),"אין נתוני מועמדים לחישוב","")
A50: i24 news | B50: =INDEX('סקרים לפי ערוץ'!$B:$B,MATCH($A50,'סקרים לפי ערוץ'!$A:$A,0)) | C50: הליכוד | D50: =INDEX('סקרים לפי ערוץ'!E:E,MATCH($A50,'סקרים לפי ערוץ'!$A:$A,0)) | E50: =COUNTIFS('מועמדים 2026'!$A:$A,$C50,'מועמדים 2026'!$D:$D,"נ",'מועמדים 2026'!$B:$B,"<="&$D50) | F50: =COUNTIFS('מועמדים 2026'!$A:$A,$C50,'מועמדים 2026'!$D:$D,"ז",'מועמדים 2026'!$B:$B,"<="&$D50) | G50: =IF($D50=0,0,$E50/$D50) | H50: =COUNTIFS('מועמדים 2026'!$A:$A,$C50) | I50: =IF(AND($D50>0,$H50=0),"אין נתוני מועמדים לחישוב","")
A51: i24 news | B51: =INDEX('סקרים לפי ערוץ'!$B:$B,MATCH($A51,'סקרים לפי ערוץ'!$A:$A,0)) | C51: יהדות התורה | D51: =INDEX('סקרים לפי ערוץ'!F:F,MATCH($A51,'סקרים לפי ערוץ'!$A:$A,0)) | E51: =COUNTIFS('מועמדים 2026'!$A:$A,$C51,'מועמדים 2026'!$D:$D,"נ",'מועמדים 2026'!$B:$B,"<="&$D51) | F51: =COUNTIFS('מועמדים 2026'!$A:$A,$C51,'מועמדים 2026'!$D:$D,"ז",'מועמדים 2026'!$B:$B,"<="&$D51) | G51: =IF($D51=0,0,$E51/$D51) | H51: =COUNTIFS('מועמדים 2026'!$A:$A,$C51) | I51: =IF(AND($D51>0,$H51=0),"אין נתוני מועמדים לחישוב","")
A52: i24 news | B52: =INDEX('סקרים לפי ערוץ'!$B:$B,MATCH($A52,'סקרים לפי ערוץ'!$A:$A,0)) | C52: ש"ס | D52: =INDEX('סקרים לפי ערוץ'!G:G,MATCH($A52,'סקרים לפי ערוץ'!$A:$A,0)) | E52: =COUNTIFS('מועמדים 2026'!$A:$A,$C52,'מועמדים 2026'!$D:$D,"נ",'מועמדים 2026'!$B:$B,"<="&$D52) | F52: =COUNTIFS('מועמדים 2026'!$A:$A,$C52,'מועמדים 2026'!$D:$D,"ז",'מועמדים 2026'!$B:$B,"<="&$D52) | G52: =IF($D52=0,0,$E52/$D52) | H52: =COUNTIFS('מועמדים 2026'!$A:$A,$C52) | I52: =IF(AND($D52>0,$H52=0),"אין נתוני מועמדים לחישוב","")
A53: i24 news | B53: =INDEX('סקרים לפי ערוץ'!$B:$B,MATCH($A53,'סקרים לפי ערוץ'!$A:$A,0)) | C53: כחול לבן | D53: =INDEX('סקרים לפי ערוץ'!H:H,MATCH($A53,'סקרים לפי ערוץ'!$A:$A,0)) | E53: =COUNTIFS('מועמדים 2026'!$A:$A,$C53,'מועמדים 2026'!$D:$D,"נ",'מועמדים 2026'!$B:$B,"<="&$D53) | F53: =COUNTIFS('מועמדים 2026'!$A:$A,$C53,'מועמדים 2026'!$D:$D,"ז",'מועמדים 2026'!$B:$B,"<="&$D53) | G53: =IF($D53=0,0,$E53/$D53) | H53: =COUNTIFS('מועמדים 2026'!$A:$A,$C53) | I53: =IF(AND($D53>0,$H53=0),"אין נתוני מועמדים לחישוב","")
A54: i24 news | B54: =INDEX('סקרים לפי ערוץ'!$B:$B,MATCH($A54,'סקרים לפי ערוץ'!$A:$A,0)) | C54: חדש תע"ל | D54: =INDEX('סקרים לפי ערוץ'!I:I,MATCH($A54,'סקרים לפי ערוץ'!$A:$A,0)) | E54: =COUNTIFS('מועמדים 2026'!$A:$A,$C54,'מועמדים 2026'!$D:$D,"נ",'מועמדים 2026'!$B:$B,"<="&$D54) | F54: =COUNTIFS('מועמדים 2026'!$A:$A,$C54,'מועמדים 2026'!$D:$D,"ז",'מועמדים 2026'!$B:$B,"<="&$D54) | G54: =IF($D54=0,0,$E54/$D54) | H54: =COUNTIFS('מועמדים 2026'!$A:$A,$C54) | I54: =IF(AND($D54>0,$H54=0),"אין נתוני מועמדים לחישוב","")
A55: i24 news | B55: =INDEX('סקרים לפי ערוץ'!$B:$B,MATCH($A55,'סקרים לפי ערוץ'!$A:$A,0)) | C55: ישראל ביתנו | D55: =INDEX('סקרים לפי ערוץ'!J:J,MATCH($A55,'סקרים לפי ערוץ'!$A:$A,0)) | E55: =COUNTIFS('מועמדים 2026'!$A:$A,$C55,'מועמדים 2026'!$D:$D,"נ",'מועמדים 2026'!$B:$B,"<="&$D55) | F55: =COUNTIFS('מועמדים 2026'!$A:$A,$C55,'מועמדים 2026'!$D:$D,"ז",'מועמדים 2026'!$B:$B,"<="&$D55) | G55: =IF($D55=0,0,$E55/$D55) | H55: =COUNTIFS('מועמדים 2026'!$A:$A,$C55) | I55: =IF(AND($D55>0,$H55=0),"אין נתוני מועמדים לחישוב","")
A56: i24 news | B56: =INDEX('סקרים לפי ערוץ'!$B:$B,MATCH($A56,'סקרים לפי ערוץ'!$A:$A,0)) | C56: הדמוקרטים | D56: =INDEX('סקרים לפי ערוץ'!K:K,MATCH($A56,'סקרים לפי ערוץ'!$A:$A,0)) | E56: =COUNTIFS('מועמדים 2026'!$A:$A,$C56,'מועמדים 2026'!$D:$D,"נ",'מועמדים 2026'!$B:$B,"<="&$D56) | F56: =COUNTIFS('מועמדים 2026'!$A:$A,$C56,'מועמדים 2026'!$D:$D,"ז",'מועמדים 2026'!$B:$B,"<="&$D56) | G56: =IF($D56=0,0,$E56/$D56) | H56: =COUNTIFS('מועמדים 2026'!$A:$A,$C56) | I56: =IF(AND($D56>0,$H56=0),"אין נתוני מועמדים לחישוב","")
A57: i24 news | B57: =INDEX('סקרים לפי ערוץ'!$B:$B,MATCH($A57,'סקרים לפי ערוץ'!$A:$A,0)) | C57: הציונות הדתית | D57: =INDEX('סקרים לפי ערוץ'!L:L,MATCH($A57,'סקרים לפי ערוץ'!$A:$A,0)) | E57: =COUNTIFS('מועמדים 2026'!$A:$A,$C57,'מועמדים 2026'!$D:$D,"נ",'מועמדים 2026'!$B:$B,"<="&$D57) | F57: =COUNTIFS('מועמדים 2026'!$A:$A,$C57,'מועמדים 2026'!$D:$D,"ז",'מועמדים 2026'!$B:$B,"<="&$D57) | G57: =IF($D57=0,0,$E57/$D57) | H57: =COUNTIFS('מועמדים 2026'!$A:$A,$C57) | I57: =IF(AND($D57>0,$H57=0),"אין נתוני מועמדים לחישוב","")
A58: i24 news | B58: =INDEX('סקרים לפי ערוץ'!$B:$B,MATCH($A58,'סקרים לפי ערוץ'!$A:$A,0)) | C58: רע"מ | D58: =INDEX('סקרים לפי ערוץ'!M:M,MATCH($A58,'סקרים לפי ערוץ'!$A:$A,0)) | E58: =COUNTIFS('מועמדים 2026'!$A:$A,$C58,'מועמדים 2026'!$D:$D,"נ",'מועמדים 2026'!$B:$B,"<="&$D58) | F58: =COUNTIFS('מועמדים 2026'!$A:$A,$C58,'מועמדים 2026'!$D:$D,"ז",'מועמדים 2026'!$B:$B,"<="&$D58) | G58: =IF($D58=0,0,$E58/$D58) | H58: =COUNTIFS('מועמדים 2026'!$A:$A,$C58) | I58: =IF(AND($D58>0,$H58=0),"אין נתוני מועמדים לחישוב","")
A59: i24 news | B59: =INDEX('סקרים לפי ערוץ'!$B:$B,MATCH($A59,'סקרים לפי ערוץ'!$A:$A,0)) | C59: עוצמה יהודית | D59: =INDEX('סקרים לפי ערוץ'!N:N,MATCH($A59,'סקרים לפי ערוץ'!$A:$A,0)) | E59: =COUNTIFS('מועמדים 2026'!$A:$A,$C59,'מועמדים 2026'!$D:$D,"נ",'מועמדים 2026'!$B:$B,"<="&$D59) | F59: =COUNTIFS('מועמדים 2026'!$A:$A,$C59,'מועמדים 2026'!$D:$D,"ז",'מועמדים 2026'!$B:$B,"<="&$D59) | G59: =IF($D59=0,0,$E59/$D59) | H59: =COUNTIFS('מועמדים 2026'!$A:$A,$C59) | I59: =IF(AND($D59>0,$H59=0),"אין נתוני מועמדים לחישוב","")
A60: i24 news | B60: =INDEX('סקרים לפי ערוץ'!$B:$B,MATCH($A60,'סקרים לפי ערוץ'!$A:$A,0)) | C60: ביחד (בנט-לפיד) | D60: =INDEX('סקרים לפי ערוץ'!O:O,MATCH($A60,'סקרים לפי ערוץ'!$A:$A,0)) | E60: =COUNTIFS('מועמדים 2026'!$A:$A,$C60,'מועמדים 2026'!$D:$D,"נ",'מועמדים 2026'!$B:$B,"<="&$D60) | F60: =COUNTIFS('מועמדים 2026'!$A:$A,$C60,'מועמדים 2026'!$D:$D,"ז",'מועמדים 2026'!$B:$B,"<="&$D60) | G60: =IF($D60=0,0,$E60/$D60) | H60: =COUNTIFS('מועמדים 2026'!$A:$A,$C60) | I60: =IF(AND($D60>0,$H60=0),"אין נתוני מועמדים לחישוב","")
A61: i24 news | B61: =INDEX('סקרים לפי ערוץ'!$B:$B,MATCH($A61,'סקרים לפי ערוץ'!$A:$A,0)) | C61: ישר! | D61: =INDEX('סקרים לפי ערוץ'!P:P,MATCH($A61,'סקרים לפי ערוץ'!$A:$A,0)) | E61: =COUNTIFS('מועמדים 2026'!$A:$A,$C61,'מועמדים 2026'!$D:$D,"נ",'מועמדים 2026'!$B:$B,"<="&$D61) | F61: =COUNTIFS('מועמדים 2026'!$A:$A,$C61,'מועמדים 2026'!$D:$D,"ז",'מועמדים 2026'!$B:$B,"<="&$D61) | G61: =IF($D61=0,0,$E61/$D61) | H61: =COUNTIFS('מועמדים 2026'!$A:$A,$C61) | I61: =IF(AND($D61>0,$H61=0),"אין נתוני מועמדים לחישוב","")
A62: חדשות 12 | B62: =INDEX('סקרים לפי ערוץ'!$B:$B,MATCH($A62,'סקרים לפי ערוץ'!$A:$A,0)) | C62: הליכוד | D62: =INDEX('סקרים לפי ערוץ'!E:E,MATCH($A62,'סקרים לפי ערוץ'!$A:$A,0)) | E62: =COUNTIFS('מועמדים 2026'!$A:$A,$C62,'מועמדים 2026'!$D:$D,"נ",'מועמדים 2026'!$B:$B,"<="&$D62) | F62: =COUNTIFS('מועמדים 2026'!$A:$A,$C62,'מועמדים 2026'!$D:$D,"ז",'מועמדים 2026'!$B:$B,"<="&$D62) | G62: =IF($D62=0,0,$E62/$D62) | H62: =COUNTIFS('מועמדים 2026'!$A:$A,$C62) | I62: =IF(AND($D62>0,$H62=0),"אין נתוני מועמדים לחישוב","")
A63: חדשות 12 | B63: =INDEX('סקרים לפי ערוץ'!$B:$B,MATCH($A63,'סקרים לפי ערוץ'!$A:$A,0)) | C63: יהדות התורה | D63: =INDEX('סקרים לפי ערוץ'!F:F,MATCH($A63,'סקרים לפי ערוץ'!$A:$A,0)) | E63: =COUNTIFS('מועמדים 2026'!$A:$A,$C63,'מועמדים 2026'!$D:$D,"נ",'מועמדים 2026'!$B:$B,"<="&$D63) | F63: =COUNTIFS('מועמדים 2026'!$A:$A,$C63,'מועמדים 2026'!$D:$D,"ז",'מועמדים 2026'!$B:$B,"<="&$D63) | G63: =IF($D63=0,0,$E63/$D63) | H63: =COUNTIFS('מועמדים 2026'!$A:$A,$C63) | I63: =IF(AND($D63>0,$H63=0),"אין נתוני מועמדים לחישוב","")
A64: חדשות 12 | B64: =INDEX('סקרים לפי ערוץ'!$B:$B,MATCH($A64,'סקרים לפי ערוץ'!$A:$A,0)) | C64: ש"ס | D64: =INDEX('סקרים לפי ערוץ'!G:G,MATCH($A64,'סקרים לפי ערוץ'!$A:$A,0)) | E64: =COUNTIFS('מועמדים 2026'!$A:$A,$C64,'מועמדים 2026'!$D:$D,"נ",'מועמדים 2026'!$B:$B,"<="&$D64) | F64: =COUNTIFS('מועמדים 2026'!$A:$A,$C64,'מועמדים 2026'!$D:$D,"ז",'מועמדים 2026'!$B:$B,"<="&$D64) | G64: =IF($D64=0,0,$E64/$D64) | H64: =COUNTIFS('מועמדים 2026'!$A:$A,$C64) | I64: =IF(AND($D64>0,$H64=0),"אין נתוני מועמדים לחישוב","")
A65: חדשות 12 | B65: =INDEX('סקרים לפי ערוץ'!$B:$B,MATCH($A65,'סקרים לפי ערוץ'!$A:$A,0)) | C65: כחול לבן | D65: =INDEX('סקרים לפי ערוץ'!H:H,MATCH($A65,'סקרים לפי ערוץ'!$A:$A,0)) | E65: =COUNTIFS('מועמדים 2026'!$A:$A,$C65,'מועמדים 2026'!$D:$D,"נ",'מועמדים 2026'!$B:$B,"<="&$D65) | F65: =COUNTIFS('מועמדים 2026'!$A:$A,$C65,'מועמדים 2026'!$D:$D,"ז",'מועמדים 2026'!$B:$B,"<="&$D65) | G65: =IF($D65=0,0,$E65/$D65) | H65: =COUNTIFS('מועמדים 2026'!$A:$A,$C65) | I65: =IF(AND($D65>0,$H65=0),"אין נתוני מועמדים לחישוב","")
A66: חדשות 12 | B66: =INDEX('סקרים לפי ערוץ'!$B:$B,MATCH($A66,'סקרים לפי ערוץ'!$A:$A,0)) | C66: חדש תע"ל | D66: =INDEX('סקרים לפי ערוץ'!I:I,MATCH($A66,'סקרים לפי ערוץ'!$A:$A,0)) | E66: =COUNTIFS('מועמדים 2026'!$A:$A,$C66,'מועמדים 2026'!$D:$D,"נ",'מועמדים 2026'!$B:$B,"<="&$D66) | F66: =COUNTIFS('מועמדים 2026'!$A:$A,$C66,'מועמדים 2026'!$D:$D,"ז",'מועמדים 2026'!$B:$B,"<="&$D66) | G66: =IF($D66=0,0,$E66/$D66) | H66: =COUNTIFS('מועמדים 2026'!$A:$A,$C66) | I66: =IF(AND($D66>0,$H66=0),"אין נתוני מועמדים לחישוב","")
A67: חדשות 12 | B67: =INDEX('סקרים לפי ערוץ'!$B:$B,MATCH($A67,'סקרים לפי ערוץ'!$A:$A,0)) | C67: ישראל ביתנו | D67: =INDEX('סקרים לפי ערוץ'!J:J,MATCH($A67,'סקרים לפי ערוץ'!$A:$A,0)) | E67: =COUNTIFS('מועמדים 2026'!$A:$A,$C67,'מועמדים 2026'!$D:$D,"נ",'מועמדים 2026'!$B:$B,"<="&$D67) | F67: =COUNTIFS('מועמדים 2026'!$A:$A,$C67,'מועמדים 2026'!$D:$D,"ז",'מועמדים 2026'!$B:$B,"<="&$D67) | G67: =IF($D67=0,0,$E67/$D67) | H67: =COUNTIFS('מועמדים 2026'!$A:$A,$C67) | I67: =IF(AND($D67>0,$H67=0),"אין נתוני מועמדים לחישוב","")
A68: חדשות 12 | B68: =INDEX('סקרים לפי ערוץ'!$B:$B,MATCH($A68,'סקרים לפי ערוץ'!$A:$A,0)) | C68: הדמוקרטים | D68: =INDEX('סקרים לפי ערוץ'!K:K,MATCH($A68,'סקרים לפי ערוץ'!$A:$A,0)) | E68: =COUNTIFS('מועמדים 2026'!$A:$A,$C68,'מועמדים 2026'!$D:$D,"נ",'מועמדים 2026'!$B:$B,"<="&$D68) | F68: =COUNTIFS('מועמדים 2026'!$A:$A,$C68,'מועמדים 2026'!$D:$D,"ז",'מועמדים 2026'!$B:$B,"<="&$D68) | G68: =IF($D68=0,0,$E68/$D68) | H68: =COUNTIFS('מועמדים 2026'!$A:$A,$C68) | I68: =IF(AND($D68>0,$H68=0),"אין נתוני מועמדים לחישוב","")
A69: חדשות 12 | B69: =INDEX('סקרים לפי ערוץ'!$B:$B,MATCH($A69,'סקרים לפי ערוץ'!$A:$A,0)) | C69: הציונות הדתית | D69: =INDEX('סקרים לפי ערוץ'!L:L,MATCH($A69,'סקרים לפי ערוץ'!$A:$A,0)) | E69: =COUNTIFS('מועמדים 2026'!$A:$A,$C69,'מועמדים 2026'!$D:$D,"נ",'מועמדים 2026'!$B:$B,"<="&$D69) | F69: =COUNTIFS('מועמדים 2026'!$A:$A,$C69,'מועמדים 2026'!$D:$D,"ז",'מועמדים 2026'!$B:$B,"<="&$D69) | G69: =IF($D69=0,0,$E69/$D69) | H69: =COUNTIFS('מועמדים 2026'!$A:$A,$C69) | I69: =IF(AND($D69>0,$H69=0),"אין נתוני מועמדים לחישוב","")
A70: חדשות 12 | B70: =INDEX('סקרים לפי ערוץ'!$B:$B,MATCH($A70,'סקרים לפי ערוץ'!$A:$A,0)) | C70: רע"מ | D70: =INDEX('סקרים לפי ערוץ'!M:M,MATCH($A70,'סקרים לפי ערוץ'!$A:$A,0)) | E70: =COUNTIFS('מועמדים 2026'!$A:$A,$C70,'מועמדים 2026'!$D:$D,"נ",'מועמדים 2026'!$B:$B,"<="&$D70) | F70: =COUNTIFS('מועמדים 2026'!$A:$A,$C70,'מועמדים 2026'!$D:$D,"ז",'מועמדים 2026'!$B:$B,"<="&$D70) | G70: =IF($D70=0,0,$E70/$D70) | H70: =COUNTIFS('מועמדים 2026'!$A:$A,$C70) | I70: =IF(AND($D70>0,$H70=0),"אין נתוני מועמדים לחישוב","")
A71: חדשות 12 | B71: =INDEX('סקרים לפי ערוץ'!$B:$B,MATCH($A71,'סקרים לפי ערוץ'!$A:$A,0)) | C71: עוצמה יהודית | D71: =INDEX('סקרים לפי ערוץ'!N:N,MATCH($A71,'סקרים לפי ערוץ'!$A:$A,0)) | E71: =COUNTIFS('מועמדים 2026'!$A:$A,$C71,'מועמדים 2026'!$D:$D,"נ",'מועמדים 2026'!$B:$B,"<="&$D71) | F71: =COUNTIFS('מועמדים 2026'!$A:$A,$C71,'מועמדים 2026'!$D:$D,"ז",'מועמדים 2026'!$B:$B,"<="&$D71) | G71: =IF($D71=0,0,$E71/$D71) | H71: =COUNTIFS('מועמדים 2026'!$A:$A,$C71) | I71: =IF(AND($D71>0,$H71=0),"אין נתוני מועמדים לחישוב","")
A72: חדשות 12 | B72: =INDEX('סקרים לפי ערוץ'!$B:$B,MATCH($A72,'סקרים לפי ערוץ'!$A:$A,0)) | C72: ביחד (בנט-לפיד) | D72: =INDEX('סקרים לפי ערוץ'!O:O,MATCH($A72,'סקרים לפי ערוץ'!$A:$A,0)) | E72: =COUNTIFS('מועמדים 2026'!$A:$A,$C72,'מועמדים 2026'!$D:$D,"נ",'מועמדים 2026'!$B:$B,"<="&$D72) | F72: =COUNTIFS('מועמדים 2026'!$A:$A,$C72,'מועמדים 2026'!$D:$D,"ז",'מועמדים 2026'!$B:$B,"<="&$D72) | G72: =IF($D72=0,0,$E72/$D72) | H72: =COUNTIFS('מועמדים 2026'!$A:$A,$C72) | I72: =IF(AND($D72>0,$H72=0),"אין נתוני מועמדים לחישוב","")
A73: חדשות 12 | B73: =INDEX('סקרים לפי ערוץ'!$B:$B,MATCH($A73,'סקרים לפי ערוץ'!$A:$A,0)) | C73: ישר! | D73: =INDEX('סקרים לפי ערוץ'!P:P,MATCH($A73,'סקרים לפי ערוץ'!$A:$A,0)) | E73: =COUNTIFS('מועמדים 2026'!$A:$A,$C73,'מועמדים 2026'!$D:$D,"נ",'מועמדים 2026'!$B:$B,"<="&$D73) | F73: =COUNTIFS('מועמדים 2026'!$A:$A,$C73,'מועמדים 2026'!$D:$D,"ז",'מועמדים 2026'!$B:$B,"<="&$D73) | G73: =IF($D73=0,0,$E73/$D73) | H73: =COUNTIFS('מועמדים 2026'!$A:$A,$C73) | I73: =IF(AND($D73>0,$H73=0),"אין נתוני מועמדים לחישוב","")
A74: כאן חדשות | B74: =INDEX('סקרים לפי ערוץ'!$B:$B,MATCH($A74,'סקרים לפי ערוץ'!$A:$A,0)) | C74: הליכוד | D74: =INDEX('סקרים לפי ערוץ'!E:E,MATCH($A74,'סקרים לפי ערוץ'!$A:$A,0)) | E74: =COUNTIFS('מועמדים 2026'!$A:$A,$C74,'מועמדים 2026'!$D:$D,"נ",'מועמדים 2026'!$B:$B,"<="&$D74) | F74: =COUNTIFS('מועמדים 2026'!$A:$A,$C74,'מועמדים 2026'!$D:$D,"ז",'מועמדים 2026'!$B:$B,"<="&$D74) | G74: =IF($D74=0,0,$E74/$D74) | H74: =COUNTIFS('מועמדים 2026'!$A:$A,$C74) | I74: =IF(AND($D74>0,$H74=0),"אין נתוני מועמדים לחישוב","")
A75: כאן חדשות | B75: =INDEX('סקרים לפי ערוץ'!$B:$B,MATCH($A75,'סקרים לפי ערוץ'!$A:$A,0)) | C75: יהדות התורה | D75: =INDEX('סקרים לפי ערוץ'!F:F,MATCH($A75,'סקרים לפי ערוץ'!$A:$A,0)) | E75: =COUNTIFS('מועמדים 2026'!$A:$A,$C75,'מועמדים 2026'!$D:$D,"נ",'מועמדים 2026'!$B:$B,"<="&$D75) | F75: =COUNTIFS('מועמדים 2026'!$A:$A,$C75,'מועמדים 2026'!$D:$D,"ז",'מועמדים 2026'!$B:$B,"<="&$D75) | G75: =IF($D75=0,0,$E75/$D75) | H75: =COUNTIFS('מועמדים 2026'!$A:$A,$C75) | I75: =IF(AND($D75>0,$H75=0),"אין נתוני מועמדים לחישוב","")
A76: כאן חדשות | B76: =INDEX('סקרים לפי ערוץ'!$B:$B,MATCH($A76,'סקרים לפי ערוץ'!$A:$A,0)) | C76: ש"ס | D76: =INDEX('סקרים לפי ערוץ'!G:G,MATCH($A76,'סקרים לפי ערוץ'!$A:$A,0)) | E76: =COUNTIFS('מועמדים 2026'!$A:$A,$C76,'מועמדים 2026'!$D:$D,"נ",'מועמדים 2026'!$B:$B,"<="&$D76) | F76: =COUNTIFS('מועמדים 2026'!$A:$A,$C76,'מועמדים 2026'!$D:$D,"ז",'מועמדים 2026'!$B:$B,"<="&$D76) | G76: =IF($D76=0,0,$E76/$D76) | H76: =COUNTIFS('מועמדים 2026'!$A:$A,$C76) | I76: =IF(AND($D76>0,$H76=0),"אין נתוני מועמדים לחישוב","")
A77: כאן חדשות | B77: =INDEX('סקרים לפי ערוץ'!$B:$B,MATCH($A77,'סקרים לפי ערוץ'!$A:$A,0)) | C77: כחול לבן | D77: =INDEX('סקרים לפי ערוץ'!H:H,MATCH($A77,'סקרים לפי ערוץ'!$A:$A,0)) | E77: =COUNTIFS('מועמדים 2026'!$A:$A,$C77,'מועמדים 2026'!$D:$D,"נ",'מועמדים 2026'!$B:$B,"<="&$D77) | F77: =COUNTIFS('מועמדים 2026'!$A:$A,$C77,'מועמדים 2026'!$D:$D,"ז",'מועמדים 2026'!$B:$B,"<="&$D77) | G77: =IF($D77=0,0,$E77/$D77) | H77: =COUNTIFS('מועמדים 2026'!$A:$A,$C77) | I77: =IF(AND($D77>0,$H77=0),"אין נתוני מועמדים לחישוב","")
A78: כאן חדשות | B78: =INDEX('סקרים לפי ערוץ'!$B:$B,MATCH($A78,'סקרים לפי ערוץ'!$A:$A,0)) | C78: חדש תע"ל | D78: =INDEX('סקרים לפי ערוץ'!I:I,MATCH($A78,'סקרים לפי ערוץ'!$A:$A,0)) | E78: =COUNTIFS('מועמדים 2026'!$A:$A,$C78,'מועמדים 2026'!$D:$D,"נ",'מועמדים 2026'!$B:$B,"<="&$D78) | F78: =COUNTIFS('מועמדים 2026'!$A:$A,$C78,'מועמדים 2026'!$D:$D,"ז",'מועמדים 2026'!$B:$B,"<="&$D78) | G78: =IF($D78=0,0,$E78/$D78) | H78: =COUNTIFS('מועמדים 2026'!$A:$A,$C78) | I78: =IF(AND($D78>0,$H78=0),"אין נתוני מועמדים לחישוב","")
A79: כאן חדשות | B79: =INDEX('סקרים לפי ערוץ'!$B:$B,MATCH($A79,'סקרים לפי ערוץ'!$A:$A,0)) | C79: ישראל ביתנו | D79: =INDEX('סקרים לפי ערוץ'!J:J,MATCH($A79,'סקרים לפי ערוץ'!$A:$A,0)) | E79: =COUNTIFS('מועמדים 2026'!$A:$A,$C79,'מועמדים 2026'!$D:$D,"נ",'מועמדים 2026'!$B:$B,"<="&$D79) | F79: =COUNTIFS('מועמדים 2026'!$A:$A,$C79,'מועמדים 2026'!$D:$D,"ז",'מועמדים 2026'!$B:$B,"<="&$D79) | G79: =IF($D79=0,0,$E79/$D79) | H79: =COUNTIFS('מועמדים 2026'!$A:$A,$C79) | I79: =IF(AND($D79>0,$H79=0),"אין נתוני מועמדים לחישוב","")
A80: כאן חדשות | B80: =INDEX('סקרים לפי ערוץ'!$B:$B,MATCH($A80,'סקרים לפי ערוץ'!$A:$A,0)) | C80: הדמוקרטים | D80: =INDEX('סקרים לפי ערוץ'!K:K,MATCH($A80,'סקרים לפי ערוץ'!$A:$A,0)) | E80: =COUNTIFS('מועמדים 2026'!$A:$A,$C80,'מועמדים 2026'!$D:$D,"נ",'מועמדים 2026'!$B:$B,"<="&$D80) | F80: =COUNTIFS('מועמדים 2026'!$A:$A,$C80,'מועמדים 2026'!$D:$D,"ז",'מועמדים 2026'!$B:$B,"<="&$D80) | G80: =IF($D80=0,0,$E80/$D80) | H80: =COUNTIFS('מועמדים 2026'!$A:$A,$C80) | I80: =IF(AND($D80>0,$H80=0),"אין נתוני מועמדים לחישוב","")
A81: כאן חדשות | B81: =INDEX('סקרים לפי ערוץ'!$B:$B,MATCH($A81,'סקרים לפי ערוץ'!$A:$A,0)) | C81: הציונות הדתית | D81: =INDEX('סקרים לפי ערוץ'!L:L,MATCH($A81,'סקרים לפי ערוץ'!$A:$A,0)) | E81: =COUNTIFS('מועמדים 2026'!$A:$A,$C81,'מועמדים 2026'!$D:$D,"נ",'מועמדים 2026'!$B:$B,"<="&$D81) | F81: =COUNTIFS('מועמדים 2026'!$A:$A,$C81,'מועמדים 2026'!$D:$D,"ז",'מועמדים 2026'!$B:$B,"<="&$D81) | G81: =IF($D81=0,0,$E81/$D81) | H81: =COUNTIFS('מועמדים 2026'!$A:$A,$C81) | I81: =IF(AND($D81>0,$H81=0),"אין נתוני מועמדים לחישוב","")
A82: כאן חדשות | B82: =INDEX('סקרים לפי ערוץ'!$B:$B,MATCH($A82,'סקרים לפי ערוץ'!$A:$A,0)) | C82: רע"מ | D82: =INDEX('סקרים לפי ערוץ'!M:M,MATCH($A82,'סקרים לפי ערוץ'!$A:$A,0)) | E82: =COUNTIFS('מועמדים 2026'!$A:$A,$C82,'מועמדים 2026'!$D:$D,"נ",'מועמדים 2026'!$B:$B,"<="&$D82) | F82: =COUNTIFS('מועמדים 2026'!$A:$A,$C82,'מועמדים 2026'!$D:$D,"ז",'מועמדים 2026'!$B:$B,"<="&$D82) | G82: =IF($D82=0,0,$E82/$D82) | H82: =COUNTIFS('מועמדים 2026'!$A:$A,$C82) | I82: =IF(AND($D82>0,$H82=0),"אין נתוני מועמדים לחישוב","")
A83: כאן חדשות | B83: =INDEX('סקרים לפי ערוץ'!$B:$B,MATCH($A83,'סקרים לפי ערוץ'!$A:$A,0)) | C83: עוצמה יהודית | D83: =INDEX('סקרים לפי ערוץ'!N:N,MATCH($A83,'סקרים לפי ערוץ'!$A:$A,0)) | E83: =COUNTIFS('מועמדים 2026'!$A:$A,$C83,'מועמדים 2026'!$D:$D,"נ",'מועמדים 2026'!$B:$B,"<="&$D83) | F83: =COUNTIFS('מועמדים 2026'!$A:$A,$C83,'מועמדים 2026'!$D:$D,"ז",'מועמדים 2026'!$B:$B,"<="&$D83) | G83: =IF($D83=0,0,$E83/$D83) | H83: =COUNTIFS('מועמדים 2026'!$A:$A,$C83) | I83: =IF(AND($D83>0,$H83=0),"אין נתוני מועמדים לחישוב","")
A84: כאן חדשות | B84: =INDEX('סקרים לפי ערוץ'!$B:$B,MATCH($A84,'סקרים לפי ערוץ'!$A:$A,0)) | C84: ביחד (בנט-לפיד) | D84: =INDEX('סקרים לפי ערוץ'!O:O,MATCH($A84,'סקרים לפי ערוץ'!$A:$A,0)) | E84: =COUNTIFS('מועמדים 2026'!$A:$A,$C84,'מועמדים 2026'!$D:$D,"נ",'מועמדים 2026'!$B:$B,"<="&$D84) | F84: =COUNTIFS('מועמדים 2026'!$A:$A,$C84,'מועמדים 2026'!$D:$D,"ז",'מועמדים 2026'!$B:$B,"<="&$D84) | G84: =IF($D84=0,0,$E84/$D84) | H84: =COUNTIFS('מועמדים 2026'!$A:$A,$C84) | I84: =IF(AND($D84>0,$H84=0),"אין נתוני מועמדים לחישוב","")
A85: כאן חדשות | B85: =INDEX('סקרים לפי ערוץ'!$B:$B,MATCH($A85,'סקרים לפי ערוץ'!$A:$A,0)) | C85: ישר! | D85: =INDEX('סקרים לפי ערוץ'!P:P,MATCH($A85,'סקרים לפי ערוץ'!$A:$A,0)) | E85: =COUNTIFS('מועמדים 2026'!$A:$A,$C85,'מועמדים 2026'!$D:$D,"נ",'מועמדים 2026'!$B:$B,"<="&$D85) | F85: =COUNTIFS('מועמדים 2026'!$A:$A,$C85,'מועמדים 2026'!$D:$D,"ז",'מועמדים 2026'!$B:$B,"<="&$D85) | G85: =IF($D85=0,0,$E85/$D85) | H85: =COUNTIFS('מועמדים 2026'!$A:$A,$C85) | I85: =IF(AND($D85>0,$H85=0),"אין נתוני מועמדים לחישוב","")
A86: ישראל היום | B86: =INDEX('סקרים לפי ערוץ'!$B:$B,MATCH($A86,'סקרים לפי ערוץ'!$A:$A,0)) | C86: הליכוד | D86: =INDEX('סקרים לפי ערוץ'!E:E,MATCH($A86,'סקרים לפי ערוץ'!$A:$A,0)) | E86: =COUNTIFS('מועמדים 2026'!$A:$A,$C86,'מועמדים 2026'!$D:$D,"נ",'מועמדים 2026'!$B:$B,"<="&$D86) | F86: =COUNTIFS('מועמדים 2026'!$A:$A,$C86,'מועמדים 2026'!$D:$D,"ז",'מועמדים 2026'!$B:$B,"<="&$D86) | G86: =IF($D86=0,0,$E86/$D86) | H86: =COUNTIFS('מועמדים 2026'!$A:$A,$C86) | I86: =IF(AND($D86>0,$H86=0),"אין נתוני מועמדים לחישוב","")
A87: ישראל היום | B87: =INDEX('סקרים לפי ערוץ'!$B:$B,MATCH($A87,'סקרים לפי ערוץ'!$A:$A,0)) | C87: יהדות התורה | D87: =INDEX('סקרים לפי ערוץ'!F:F,MATCH($A87,'סקרים לפי ערוץ'!$A:$A,0)) | E87: =COUNTIFS('מועמדים 2026'!$A:$A,$C87,'מועמדים 2026'!$D:$D,"נ",'מועמדים 2026'!$B:$B,"<="&$D87) | F87: =COUNTIFS('מועמדים 2026'!$A:$A,$C87,'מועמדים 2026'!$D:$D,"ז",'מועמדים 2026'!$B:$B,"<="&$D87) | G87: =IF($D87=0,0,$E87/$D87) | H87: =COUNTIFS('מועמדים 2026'!$A:$A,$C87) | I87: =IF(AND($D87>0,$H87=0),"אין נתוני מועמדים לחישוב","")
A88: ישראל היום | B88: =INDEX('סקרים לפי ערוץ'!$B:$B,MATCH($A88,'סקרים לפי ערוץ'!$A:$A,0)) | C88: ש"ס | D88: =INDEX('סקרים לפי ערוץ'!G:G,MATCH($A88,'סקרים לפי ערוץ'!$A:$A,0)) | E88: =COUNTIFS('מועמדים 2026'!$A:$A,$C88,'מועמדים 2026'!$D:$D,"נ",'מועמדים 2026'!$B:$B,"<="&$D88) | F88: =COUNTIFS('מועמדים 2026'!$A:$A,$C88,'מועמדים 2026'!$D:$D,"ז",'מועמדים 2026'!$B:$B,"<="&$D88) | G88: =IF($D88=0,0,$E88/$D88) | H88: =COUNTIFS('מועמדים 2026'!$A:$A,$C88) | I88: =IF(AND($D88>0,$H88=0),"אין נתוני מועמדים לחישוב","")
A89: ישראל היום | B89: =INDEX('סקרים לפי ערוץ'!$B:$B,MATCH($A89,'סקרים לפי ערוץ'!$A:$A,0)) | C89: כחול לבן | D89: =INDEX('סקרים לפי ערוץ'!H:H,MATCH($A89,'סקרים לפי ערוץ'!$A:$A,0)) | E89: =COUNTIFS('מועמדים 2026'!$A:$A,$C89,'מועמדים 2026'!$D:$D,"נ",'מועמדים 2026'!$B:$B,"<="&$D89) | F89: =COUNTIFS('מועמדים 2026'!$A:$A,$C89,'מועמדים 2026'!$D:$D,"ז",'מועמדים 2026'!$B:$B,"<="&$D89) | G89: =IF($D89=0,0,$E89/$D89) | H89: =COUNTIFS('מועמדים 2026'!$A:$A,$C89) | I89: =IF(AND($D89>0,$H89=0),"אין נתוני מועמדים לחישוב","")
A90: ישראל היום | B90: =INDEX('סקרים לפי ערוץ'!$B:$B,MATCH($A90,'סקרים לפי ערוץ'!$A:$A,0)) | C90: חדש תע"ל | D90: =INDEX('סקרים לפי ערוץ'!I:I,MATCH($A90,'סקרים לפי ערוץ'!$A:$A,0)) | E90: =COUNTIFS('מועמדים 2026'!$A:$A,$C90,'מועמדים 2026'!$D:$D,"נ",'מועמדים 2026'!$B:$B,"<="&$D90) | F90: =COUNTIFS('מועמדים 2026'!$A:$A,$C90,'מועמדים 2026'!$D:$D,"ז",'מועמדים 2026'!$B:$B,"<="&$D90) | G90: =IF($D90=0,0,$E90/$D90) | H90: =COUNTIFS('מועמדים 2026'!$A:$A,$C90) | I90: =IF(AND($D90>0,$H90=0),"אין נתוני מועמדים לחישוב","")
A91: ישראל היום | B91: =INDEX('סקרים לפי ערוץ'!$B:$B,MATCH($A91,'סקרים לפי ערוץ'!$A:$A,0)) | C91: ישראל ביתנו | D91: =INDEX('סקרים לפי ערוץ'!J:J,MATCH($A91,'סקרים לפי ערוץ'!$A:$A,0)) | E91: =COUNTIFS('מועמדים 2026'!$A:$A,$C91,'מועמדים 2026'!$D:$D,"נ",'מועמדים 2026'!$B:$B,"<="&$D91) | F91: =COUNTIFS('מועמדים 2026'!$A:$A,$C91,'מועמדים 2026'!$D:$D,"ז",'מועמדים 2026'!$B:$B,"<="&$D91) | G91: =IF($D91=0,0,$E91/$D91) | H91: =COUNTIFS('מועמדים 2026'!$A:$A,$C91) | I91: =IF(AND($D91>0,$H91=0),"אין נתוני מועמדים לחישוב","")
A92: ישראל היום | B92: =INDEX('סקרים לפי ערוץ'!$B:$B,MATCH($A92,'סקרים לפי ערוץ'!$A:$A,0)) | C92: הדמוקרטים | D92: =INDEX('סקרים לפי ערוץ'!K:K,MATCH($A92,'סקרים לפי ערוץ'!$A:$A,0)) | E92: =COUNTIFS('מועמדים 2026'!$A:$A,$C92,'מועמדים 2026'!$D:$D,"נ",'מועמדים 2026'!$B:$B,"<="&$D92) | F92: =COUNTIFS('מועמדים 2026'!$A:$A,$C92,'מועמדים 2026'!$D:$D,"ז",'מועמדים 2026'!$B:$B,"<="&$D92) | G92: =IF($D92=0,0,$E92/$D92) | H92: =COUNTIFS('מועמדים 2026'!$A:$A,$C92) | I92: =IF(AND($D92>0,$H92=0),"אין נתוני מועמדים לחישוב","")
A93: ישראל היום | B93: =INDEX('סקרים לפי ערוץ'!$B:$B,MATCH($A93,'סקרים לפי ערוץ'!$A:$A,0)) | C93: הציונות הדתית | D93: =INDEX('סקרים לפי ערוץ'!L:L,MATCH($A93,'סקרים לפי ערוץ'!$A:$A,0)) | E93: =COUNTIFS('מועמדים 2026'!$A:$A,$C93,'מועמדים 2026'!$D:$D,"נ",'מועמדים 2026'!$B:$B,"<="&$D93) | F93: =COUNTIFS('מועמדים 2026'!$A:$A,$C93,'מועמדים 2026'!$D:$D,"ז",'מועמדים 2026'!$B:$B,"<="&$D93) | G93: =IF($D93=0,0,$E93/$D93) | H93: =COUNTIFS('מועמדים 2026'!$A:$A,$C93) | I93: =IF(AND($D93>0,$H93=0),"אין נתוני מועמדים לחישוב","")
A94: ישראל היום | B94: =INDEX('סקרים לפי ערוץ'!$B:$B,MATCH($A94,'סקרים לפי ערוץ'!$A:$A,0)) | C94: רע"מ | D94: =INDEX('סקרים לפי ערוץ'!M:M,MATCH($A94,'סקרים לפי ערוץ'!$A:$A,0)) | E94: =COUNTIFS('מועמדים 2026'!$A:$A,$C94,'מועמדים 2026'!$D:$D,"נ",'מועמדים 2026'!$B:$B,"<="&$D94) | F94: =COUNTIFS('מועמדים 2026'!$A:$A,$C94,'מועמדים 2026'!$D:$D,"ז",'מועמדים 2026'!$B:$B,"<="&$D94) | G94: =IF($D94=0,0,$E94/$D94) | H94: =COUNTIFS('מועמדים 2026'!$A:$A,$C94) | I94: =IF(AND($D94>0,$H94=0),"אין נתוני מועמדים לחישוב","")
A95: ישראל היום | B95: =INDEX('סקרים לפי ערוץ'!$B:$B,MATCH($A95,'סקרים לפי ערוץ'!$A:$A,0)) | C95: עוצמה יהודית | D95: =INDEX('סקרים לפי ערוץ'!N:N,MATCH($A95,'סקרים לפי ערוץ'!$A:$A,0)) | E95: =COUNTIFS('מועמדים 2026'!$A:$A,$C95,'מועמדים 2026'!$D:$D,"נ",'מועמדים 2026'!$B:$B,"<="&$D95) | F95: =COUNTIFS('מועמדים 2026'!$A:$A,$C95,'מועמדים 2026'!$D:$D,"ז",'מועמדים 2026'!$B:$B,"<="&$D95) | G95: =IF($D95=0,0,$E95/$D95) | H95: =COUNTIFS('מועמדים 2026'!$A:$A,$C95) | I95: =IF(AND($D95>0,$H95=0),"אין נתוני מועמדים לחישוב","")
A96: ישראל היום | B96: =INDEX('סקרים לפי ערוץ'!$B:$B,MATCH($A96,'סקרים לפי ערוץ'!$A:$A,0)) | C96: ביחד (בנט-לפיד) | D96: =INDEX('סקרים לפי ערוץ'!O:O,MATCH($A96,'סקרים לפי ערוץ'!$A:$A,0)) | E96: =COUNTIFS('מועמדים 2026'!$A:$A,$C96,'מועמדים 2026'!$D:$D,"נ",'מועמדים 2026'!$B:$B,"<="&$D96) | F96: =COUNTIFS('מועמדים 2026'!$A:$A,$C96,'מועמדים 2026'!$D:$D,"ז",'מועמדים 2026'!$B:$B,"<="&$D96) | G96: =IF($D96=0,0,$E96/$D96) | H96: =COUNTIFS('מועמדים 2026'!$A:$A,$C96) | I96: =IF(AND($D96>0,$H96=0),"אין נתוני מועמדים לחישוב","")
A97: ישראל היום | B97: =INDEX('סקרים לפי ערוץ'!$B:$B,MATCH($A97,'סקרים לפי ערוץ'!$A:$A,0)) | C97: ישר! | D97: =INDEX('סקרים לפי ערוץ'!P:P,MATCH($A97,'סקרים לפי ערוץ'!$A:$A,0)) | E97: =COUNTIFS('מועמדים 2026'!$A:$A,$C97,'מועמדים 2026'!$D:$D,"נ",'מועמדים 2026'!$B:$B,"<="&$D97) | F97: =COUNTIFS('מועמדים 2026'!$A:$A,$C97,'מועמדים 2026'!$D:$D,"ז",'מועמדים 2026'!$B:$B,"<="&$D97) | G97: =IF($D97=0,0,$E97/$D97) | H97: =COUNTIFS('מועמדים 2026'!$A:$A,$C97) | I97: =IF(AND($D97>0,$H97=0),"אין נתוני מועמדים לחישוב","")
A98: וואלה | B98: =INDEX('סקרים לפי ערוץ'!$B:$B,MATCH($A98,'סקרים לפי ערוץ'!$A:$A,0)) | C98: הליכוד | D98: =INDEX('סקרים לפי ערוץ'!E:E,MATCH($A98,'סקרים לפי ערוץ'!$A:$A,0)) | E98: =COUNTIFS('מועמדים 2026'!$A:$A,$C98,'מועמדים 2026'!$D:$D,"נ",'מועמדים 2026'!$B:$B,"<="&$D98) | F98: =COUNTIFS('מועמדים 2026'!$A:$A,$C98,'מועמדים 2026'!$D:$D,"ז",'מועמדים 2026'!$B:$B,"<="&$D98) | G98: =IF($D98=0,0,$E98/$D98) | H98: =COUNTIFS('מועמדים 2026'!$A:$A,$C98) | I98: =IF(AND($D98>0,$H98=0),"אין נתוני מועמדים לחישוב","")
A99: וואלה | B99: =INDEX('סקרים לפי ערוץ'!$B:$B,MATCH($A99,'סקרים לפי ערוץ'!$A:$A,0)) | C99: יהדות התורה | D99: =INDEX('סקרים לפי ערוץ'!F:F,MATCH($A99,'סקרים לפי ערוץ'!$A:$A,0)) | E99: =COUNTIFS('מועמדים 2026'!$A:$A,$C99,'מועמדים 2026'!$D:$D,"נ",'מועמדים 2026'!$B:$B,"<="&$D99) | F99: =COUNTIFS('מועמדים 2026'!$A:$A,$C99,'מועמדים 2026'!$D:$D,"ז",'מועמדים 2026'!$B:$B,"<="&$D99) | G99: =IF($D99=0,0,$E99/$D99) | H99: =COUNTIFS('מועמדים 2026'!$A:$A,$C99) | I99: =IF(AND($D99>0,$H99=0),"אין נתוני מועמדים לחישוב","")
A100: וואלה | B100: =INDEX('סקרים לפי ערוץ'!$B:$B,MATCH($A100,'סקרים לפי ערוץ'!$A:$A,0)) | C100: ש"ס | D100: =INDEX('סקרים לפי ערוץ'!G:G,MATCH($A100,'סקרים לפי ערוץ'!$A:$A,0)) | E100: =COUNTIFS('מועמדים 2026'!$A:$A,$C100,'מועמדים 2026'!$D:$D,"נ",'מועמדים 2026'!$B:$B,"<="&$D100) | F100: =COUNTIFS('מועמדים 2026'!$A:$A,$C100,'מועמדים 2026'!$D:$D,"ז",'מועמדים 2026'!$B:$B,"<="&$D100) | G100: =IF($D100=0,0,$E100/$D100) | H100: =COUNTIFS('מועמדים 2026'!$A:$A,$C100) | I100: =IF(AND($D100>0,$H100=0),"אין נתוני מועמדים לחישוב","")
...
